Workbook

Sheet BANKWISE COMLETE DETAILS
A1: ID | B1: Date | C1: Bank_Category | D1: Bank_Name | E1: ATM's Onsite | F1: ATM's Offsite | G1: POS | H1: Micro_ ATM's | I1: Bharath_QR | J1: Upi_QR | K1: Credit_Cards | L1: Debit_Cards | M1: No of CC at POS | N1: Value of CC at POS | O1: No of CC Online Transaction | P1: CC Online Transaction value | Q1: No of other CC Transactions | R1: Value of other CC Transactions | S1: No of Credit CC Withdrawl | T1: Value of CC_Cash Withdrawl | U1: No of DC at POS | V1: Value of DC at POS | W1: No of DC Online Transaction | X1: Value of DC Online Transaction | Y1: No of other DC Transactions | Z1: Value of other DC Transactions | AA1: No of DC _Cash Withdrawl_ATM | AB1: Value_ DC _Cash Withdrawl_ATM | AC1: No of DC _Cash Withdrawl_POS | AD1: Value_DC _Cash Withdrawl_POS | AE1: CC_Transaction Total Value | AF1: DC_Transaction Total value | AG1: Comparision of CC and DC Total value
A2: 0 | B2: 44621 | C2: Small Finance Banks | D2: AU Small Finance Bank | E2: 407 | F2: 3 | G2: 0 | H2: 321 | I2: 0 | J2: 487204 | K2: 169470 | L2: 1935173 | M2: 269852 | N2: 1385159.6 | O2: 197587 | P2: 1881923.7 | Q2: 744 | R2: 364.02 | S2: 4502 | T2: 28352.8 | U2: 247593 | V2: 602474.02 | W2: 184714 | X2: 573932.23 | Y2: 313 | Z2: 3426.59 | AA2: 890008 | AB2: 5886432.8 | AC2: 30 | AD2: 27.6 | AE2: 3295800.1 | AF2: 7066293.2 | AG2: DC High
A3: 1 | B3: 44621 | C3: Payment Banks | D3: Airtel Payments Bank | E3: 0 | F3: 0 | G3: 0 | H3: 0 | I3: 0 | J3: 3208634 | K3: 0 | L3: 1964142 | M3: 0 | N3: 0 | O3: 0 | P3: 0 | Q3: 0 | R3: 0 | S3: 0 | T3: 0 | U3: 0 | V3: 0 | W3: 213807 | X3: 156600.18 | Y3: 0 | Z3: 0 | AA3: 0 | AB3: 0 | AC3: 0 | AD3: 0 | AE3: 0 | AF3: 156600.18 | AG3: DC High
A4: 2 | B4: 44621 | C4: Foreign Banks | D4: American Express | E4: 0 | F4: 0 | G4: 45455 | H4: 0 | I4: 0 | J4: 0 | K4: 1383221 | L4: 0 | M4: 1018513 | N4: 7369321.3 | O4: 3595970 | P4: 25400772 | Q4: 0 | R4: 0 | S4: 0 | T4: 0 | U4: 0 | V4: 0 | W4: 0 | X4: 0 | Y4: 0 | Z4: 0 | AA4: 0 | AB4: 0 | AC4: 0 | AD4: 0 | AE4: 32770093 | AF4: 0 | AG4: CC High
A5: 3 | B5: 44621 | C5: Private Sector Banks | D5: Axis Bank | E5: 5748 | F5: 11174 | G5: 1010244 | H5: 710 | I5: 347644 | J5: 36594577 | K5: 9034829 | L5: 27747647 | M5: 13841270 | N5: 41222880 | O5: 9407975 | P5: 52642163 | Q5: 0 | R5: 0 | S5: 45631 | T5: 185105.56 | U5: 12387481 | V5: 27686319 | W5: 6319140 | X5: 18441050 | Y5: 26208 | Z5: 658186.04 | AA5: 22320612 | AB5: 137931664 | AC5: 0 | AD5: 0 | AE5: 94050149 | AF5: 1.8471722e+08 | AG5: DC High
A6: 4 | B6: 44621 | C6: Private Sector Banks | D6: Bandhan Bank | E6: 466 | F6: 5 | G6: 36339 | H6: 0 | I6: 0 | J6: 0 | K6: 0 | L6: 4966096 | M6: 0 | N6: 0 | O6: 0 | P6: 0 | Q6: 0 | R6: 0 | S6: 0 | T6: 0 | U6: 592668 | V6: 1405190 | W6: 394699 | X6: 918313 | Y6: 0 | Z6: 0 | AA6: 2658287 | AB6: 14003767 | AC6: 27811 | AD6: 27834 | AE6: 0 | AF6: 16355104 | AG6: DC High
A7: 5 | B7: 44621 | C7: Foreign Banks | D7: Bank of America | E7: 0 | F7: 0 | G7: 0 | H7: 0 | I7: 0 | J7: 0 | K7: 21756 | L7: 0 | M7: 27052 | N7: 99065.02 | O7: 12329 | P7: 107630.45 | Q7: 0 | R7: 0 | S7: 0 | T7: 0 | U7: 0 | V7: 0 | W7: 0 | X7: 0 | Y7: 0 | Z7: 0 | AA7: 0 | AB7: 0 | AC7: 0 | AD7: 0 | AE7: 206695.47 | AF7: 0 | AG7: CC High
A8: 6 | B8: 44621 | C8: Public Sector Banks | D8: Bank of Baroda | E8: 8757 | F8: 2730 | G8: 27074 | H8: 35517 | I8: 12378 | J8: 650416 | K8: 1103921 | L8: 74522207 | M8: 1165443 | N8: 3686313.4 | O8: 1085014 | P8: 4499567.6 | Q8: 0 | R8: 0 | S8: 21838 | T8: 101121.59 | U8: 8519967 | V8: 15691963 | W8: 4484921 | X8: 7721120.7 | Y8: 0 | Z8: 0 | AA8: 29706035 | AB8: 1.4045763e+08 | AC8: 2163 | AD8: 1929.46 | AE8: 8287002.5 | AF8: 1.6387264e+08 | AG8: DC High
A9: 7 | B9: 44621 | C9: Public Sector Banks | D9: Bank of India | E9: 2507 | F9: 2751 | G9: 45542 | H9: 10834 | I9: 104 | J9: 353824 | K9: 166751 | L9: 44856938 | M9: 154672 | N9: 508947.35 | O9: 122496 | P9: 335866.87 | Q9: 0 | R9: 0 | S9: 10184 | T9: 59089.17 | U9: 5121057 | V9: 8817597.6 | W9: 3213983 | X9: 4057260.8 | Y9: 0 | Z9: 0 | AA9: 18870699 | AB9: 74143941 | AC9: 16653 | AD9: 16314.49 | AE9: 903903.39 | AF9: 87035114 | AG9: DC High
A10: 8 | B10: 44621 | C10: Public Sector Banks | D10: Bank of Maharashtra | E10: 1694 | F10: 434 | G10: 2795 | H10: 0 | I10: 355014 | J10: 433713 | K10: 77677 | L10: 12264810 | M10: 96808 | N10: 407564.18 | O10: 0 | P10: 0 | Q10: 0 | R10: 0 | S10: 1225 | T10: 5727.86 | U10: 2889361 | V10: 4340817.3 | W10: 1131118 | X10: 1477836.4 | Y10: 10610 | Z10: 128268.9 | AA10: 7541893 | AB10: 32295602 | AC10: 0 | AD10: 0 | AE10: 413292.04 | AF10: 38242525 | AG10: DC High
A11: 9 | B11: 44621 | C11: Foreign Banks | D11: Barclays Bank | E11: 0 | F11: 0 | G11: 0 | H11: 0 | I11: 1 | J11: 0 | K11: 0 | L11: 1736 | M11: 0 | N11: 0 | O11: 0 | P11: 0 | Q11: 0 | R11: 0 | S11: 0 | T11: 0 | U11: 100 | V11: 907.05 | W11: 32 | X11: 28.32 | Y11: 0 | Z11: 0 | AA11: 401 | AB11: 3499.95 | AC11: 0 | AD11: 0 | AE11: 0 | AF11: 4435.32 | AG11: DC High
A12: 10 | B12: 44621 | C12: Public Sector Banks | D12: Canara Bank | E12: 8071 | F12: 4139 | G12: 50032 | H12: 8096 | I12: 69 | J12: 1264169 | K12: 927694 | L12: 46459485 | M12: 662053 | N12: 1715137 | O12: 305102 | P12: 965897.95 | Q12: 0 | R12: 0 | S12: 56673 | T12: 284861.14 | U12: 10233195 | V12: 19323217 | W12: 4791270 | X12: 7906774.6 | Y12: 5255 | Z12: 85017.56 | AA12: 32586175 | AB12: 1.4880952e+08 | AC12: 2798 | AD12: 2467.67 | AE12: 2965896.1 | AF12: 1.7612699e+08 | AG12: DC High
A13: 11 | B13: 44621 | C13: Small Finance Banks | D13: Capital Small Finance Bank | E13: 161 | F13: 2 | G13: 0 | H13: 0 | I13: 0 | J13: 0 | K13: 0 | L13: 183510 | M13: 0 | N13: 0 | O13: 0 | P13: 0 | Q13: 0 | R13: 0 | S13: 0 | T13: 0 | U13: 49955 | V13: 135511.46 | W13: 20448 | X13: 40847.14 | Y13: 0 | Z13: 0 | AA13: 129173 | AB13: 699054.17 | AC13: 0 | AD13: 0 | AE13: 0 | AF13: 875412.77 | AG13: DC High
... A31: 29 | B31: 44621 | C31: Private Sector Banks | D31: IDFC First Bank | E31: 505 | F31: 214 | G31: 26560 | H31: 11522 | I31: 0 | J31: 38079 | K31: 799219 | L31: 4076204 | M31: 1367730 | N31: 4899089.8 | O31: 1325904 | P31: 7584241 | Q31: 0 | R31: 0 | S31: 11799 | T31: 43601.4 | U31: 1414101 | V31: 2015650.3 | W31: 508390 | X31: 1428377.4 | Y31: 0 | Z31: 0 | AA31: 3103785 | AB31: 12878265 | AC31: 0 | AD31: 0 | AE31: 12526932 | AF31: 16322293 | AG31: DC High
A32: 30 | B32: 44621 | C32: Payment Banks | D32: India Post Payments Bank | E32: 0 | F32: 0 | G32: 0 | H32: 135092 | I32: 0 | J32: 0 | K32: 0 | L32: 4788986 | U32: 0 | V32: 0 | W32: 389128 | X32: 240570.97 | Y32: 0 | Z32: 0 | AA32: 0 | AB32: 0 | AC32: 0 | AD32: 0 | AE32: 0 | AF32: 240570.97 | AG32: DC High
A33: 31 | B33: 44621 | C33: Public Sector Banks | D33: Indian Bank | E33: 4299 | F33: 626 | G33: 14981 | H33: 9322 | I33: 0 | J33: 356603 | K33: 154342 | L33: 26961021 | M33: 129022 | N33: 378092.66 | O33: 73904 | P33: 237320.61 | Q33: 0 | R33: 0 | S33: 3511 | T33: 22363.77 | U33: 6087414 | V33: 10556404 | W33: 3068094 | X33: 4255370.5 | Y33: 6422 | Z33: 102363.19 | AA33: 21419031 | AB33: 99716222 | AC33: 32990 | AD33: 32410.1 | AE33: 637777.04 | AF33: 1.1466277e+08 | AG33: DC High
A34: 32 | B34: 44621 | C34: Public Sector Banks | D34: Indian Overseas Bank | E34: 2742 | F34: 613 | G34: 0 | H34: 0 | I34: 0 | J34: 81152 | K34: 74083 | L34: 20508718 | M34: 59749 | N34: 142499.79 | O34: 26426 | P34: 63550.33 | Q34: 0 | R34: 0 | S34: 867 | T34: 4013.25 | U34: 3664568 | V34: 6294023.6 | W34: 1386870 | X34: 2078848.1 | Y34: 0 | Z34: 0 | AA34: 15137144 | AB34: 64870005 | AC34: 0 | AD34: 0 | AE34: 210063.37 | AF34: 73242877 | AG34: DC High
A35: 33 | B35: 44621 | C35: Private Sector Banks | D35: IndusInd Bank | E35: 1492 | F35: 1275 | G35: 220160 | H35: 164 | I35: 35908 | J35: 68715 | K35: 1880393 | L35: 6910699 | M35: 2254748 | N35: 10802314 | O35: 2542328 | P35: 45782776 | Q35: 0 | R35: 0 | S35: 18246 | T35: 92623.22 | U35: 1758336 | V35: 3496811.5 | W35: 1170562 | X35: 3541165 | Y35: 1017 | Z35: 83630.76 | AA35: 5623319 | AB35: 27508948 | AC35: 0 | AD35: 0 | AE35: 56677714 | AF35: 34630555 | AG35: CC High
A36: 34 | B36: 44621 | C36: Private Sector Banks | D36: Jammu & Kashmir Bank | E36: 840 | F36: 613 | G36: 10948 | H36: 945 | I36: 0 | J36: 32064 | K36: 82096 | L36: 3457424 | M36: 145394 | N36: 910884.73 | O36: 112520 | P36: 287848.82 | Q36: 0 | R36: 0 | S36: 7074 | T36: 27799 | U36: 1236554 | V36: 2919949.8 | W36: 3462733 | X36: 1602698.1 | Y36: 0 | Z36: 0 | AA36: 6298900 | AB36: 31721953 | AC36: 6 | AD36: 5.9 | AE36: 1226532.6 | AF36: 36244607 | AG36: DC High
A37: 35 | B37: 44621 | C37: Small Finance Banks | D37: Jana Small Finance Bank | E37: 65 | F37: 2 | G37: 0 | H37: 164 | I37: 0 | J37: 493552 | K37: 0 | L37: 2345835 | M37: 0 | N37: 0 | O37: 0 | P37: 0 | Q37: 0 | R37: 0 | S37: 0 | T37: 0 | U37: 66760 | V37: 93390.33 | W37: 17613 | X37: 33770.25 | Y37: 0 | Z37: 0 | AA37: 311964 | AB37: 1532327.8 | AC37: 0 | AD37: 0 | AE37: 0 | AF37: 1659488.4 | AG37: DC High
A38: 36 | B38: 44621 | C38: Payment Banks | D38: Jio Payments Bank | E38: 0 | F38: 0 | G38: 0 | H38: 0 | I38: 0 | J38: 0 | K38: 0 | L38: 0 | M38: 0 | N38: 0 | O38: 0 | P38: 0 | Q38: 0 | R38: 0 | S38: 0 | T38: 0 | U38: 0 | V38: 0 | W38: 0 | X38: 0 | Y38: 0 | Z38: 0 | AA38: 0 | AB38: 0 | AC38: 0 | AD38: 0 | AE38: 0 | AF38: 0 | AG38: DC High
A39: 37 | B39: 44621 | C39: Private Sector Banks | D39: Karnataka Bank | E39: 819 | F39: 629 | G39: 9312 | H39: 0 | I39: 0 | J39: 28511 | K39: 0 | L39: 5113093 | M39: 0 | N39: 0 | O39: 0 | P39: 0 | Q39: 0 | R39: 0 | S39: 0 | T39: 0 | U39: 1892513 | V39: 2748661.3 | W39: 491340 | X39: 758620.53 | Y39: 0 | Z39: 0 | AA39: 4554359 | AB39: 20083708 | AC39: 0 | AD39: 0 | AE39: 0 | AF39: 23590990 | AG39: DC High
A40: 38 | B40: 44621 | C40: Private Sector Banks | D40: Karur Vysya Bank | E40: 1362 | F40: 861 | G40: 8745 | H40: 0 | I40: 0 | J40: 14391 | K40: 6691 | L40: 4066117 | M40: 15483 | N40: 76127.51 | O40: 3962 | P40: 40563.18 | Q40: 0 | R40: 0 | S40: 284 | T40: 2103.86 | U40: 2047824 | V40: 3988487.3 | W40: 557806 | X40: 1301886 | Y40: 11382 | Z40: 235964.58 | AA40: 5308872 | AB40: 25548661 | AC40: 0 | AD40: 0 | AE40: 118794.55 | AF40: 31074999 | AG40: DC High
A41: 39 | B41: 44621 | C41: Private Sector Banks | D41: Kotak Mahindra Bank | E41: 1385 | F41: 1314 | G41: 56334 | H41: 5020 | I41: 21849 | J41: 236089 | K41: 3196377 | L41: 23530754 | M41: 3697560 | N41: 11786280 | O41: 3112625 | P41: 16913066 | Q41: 0 | R41: 0 | S41: 32856 | T41: 134435.46 | U41: 5375357 | V41: 9419902.1 | W41: 4267271 | X41: 9021503.3 | Y41: 0 | Z41: 0 | AA41: 10389295 | AB41: 47795916 | AC41: 0 | AD41: 0 | AE41: 28833782 | AF41: 66237322 | AG41: DC High
A42: 40 | B42: 44621 | C42: Payment Banks | D42: NSDL Payments Bank | E42: 0 | F42: 0 | G42: 0 | H42: 30397 | I42: 0 | J42: 0 | K42: 0 | L42: 334371 | M42: 0 | N42: 0 | O42: 0 | P42: 0 | Q42: 0 | R42: 0 | S42: 0 | T42: 0 | U42: 903 | V42: 864.01 | W42: 23785 | X42: 11512.9 | Y42: 0 | Z42: 0 | AA42: 3801 | AB42: 15699.67 | AC42: 0 | AD42: 0 | AE42: 0 | AF42: 28076.58 | AG42: DC High
A43: 41 | B43: 44621 | C43: Small Finance Banks | D43: North East Small Finance Bank | E43: 8 | F43: 1 | G43: 0 | H43: 0 | I43: 0 | J43: 0 | K43: 0 | L43: 303473 | M43: 0 | N43: 0 | O43: 0 | P43: 0 | Q43: 0 | R43: 0 | S43: 0 | T43: 0 | U43: 19390 | V43: 26156.09 | W43: 0 | X43: 0 | Y43: 0 | Z43: 0 | AA43: 49452 | AB43: 202993.29 | AC43: 0 | AD43: 0 | AE43: 0 | AF43: 229149.38 | AG43: DC High
A44: 42 | B44: 44621 | C44: Payment Banks | D44: Paytm Payments Bank | E44: 1 | F44: 70 | G44: 403006 | H44: 0 | I44: 0 | J44: 21585576 | K44: 0 | L44: 36619887 | M44: 0 | N44: 0 | O44: 0 | P44: 0 | Q44: 0 | R44: 0 | S44: 0 | T44: 0 | U44: 811299 | V44: 954816.09 | W44: 1830442 | X44: 2084776.1 | Y44: 0 | Z44: 0 | AA44: 2669476 | AB44: 9729090.6 | AC44: 0 | AD44: 0 | AE44: 0 | AF44: 12768683 | AG44: DC High
... A89: 87 | B89: 44652 | C89: Private Sector Banks | D89: IDFC First Bank | E89: 538 | F89: 217 | G89: 27379 | H89: 11522 | I89: 0 | J89: 38079 | K89: 856394 | L89: 4183935 | M89: 1387038 | N89: 4889459.8 | O89: 1233117 | P89: 7122440.9 | Q89: 0 | R89: 0 | S89: 11612 | T89: 42028.3 | U89: 1421423 | V89: 2199060.3 | W89: 475556 | X89: 1271460.6 | Y89: 0 | Z89: 0 | AA89: 3069190 | AB89: 13038809 | AC89: 0 | AD89: 0 | AE89: 12053929 | AF89: 16509330 | AG89: DC High
A90: 88 | B90: 44652 | C90: Payment Banks | D90: India Post Payments Bank | E90: 0 | F90: 0 | G90: 0 | H90: 132120 | I90: 0 | J90: 0 | K90: 0 | L90: 5112794 | U90: 0 | V90: 0 | W90: 447729 | X90: 247186.01 | Y90: 0 | Z90: 0 | AA90: 0 | AB90: 0 | AC90: 0 | AD90: 0 | AE90: 0 | AF90: 247186.01 | AG90: DC High
A91: 89 | B91: 44652 | C91: Public Sector Banks | D91: Indian Bank | E91: 4243 | F91: 596 | G91: 14905 | H91: 9657 | I91: 0 | J91: 362545 | K91: 154353 | L91: 27095159 | M91: 130521 | N91: 390560.15 | O91: 70857 | P91: 217746.46 | Q91: 0 | R91: 0 | S91: 2882 | T91: 18423.06 | U91: 6090631 | V91: 11066118 | W91: 2917766 | X91: 3853086.6 | Y91: 5916 | Z91: 90230.43 | AA91: 20657436 | AB91: 97670638 | AC91: 34105 | AD91: 33520.06 | AE91: 626729.67 | AF91: 1.1271359e+08 | AG91: DC High
A92: 90 | B92: 44652 | C92: Public Sector Banks | D92: Indian Overseas Bank | E92: 2732 | F92: 624 | G92: 0 | H92: 0 | I92: 0 | J92: 85158 | K92: 74442 | L92: 14617281 | M92: 60881 | N92: 147019.9 | O92: 26039 | P92: 58287.89 | Q92: 0 | R92: 0 | S92: 756 | T92: 3552.7 | U92: 3752265 | V92: 6664726.3 | W92: 1294963 | X92: 1862035.1 | Y92: 0 | Z92: 0 | AA92: 14720895 | AB92: 64039461 | AC92: 0 | AD92: 0 | AE92: 208860.49 | AF92: 72566222 | AG92: DC High
A93: 91 | B93: 44652 | C93: Private Sector Banks | D93: IndusInd Bank | E93: 1499 | F93: 1266 | G93: 218935 | H93: 164 | I93: 35950 | J93: 42160 | K93: 1922608 | L93: 7067037 | M93: 2266407 | N93: 10555163 | O93: 2398443 | P93: 41233030 | Q93: 0 | R93: 0 | S93: 17751 | T93: 89261.33 | U93: 1759985 | V93: 3639272.2 | W93: 1147265 | X93: 3150072.6 | Y93: 1077 | Z93: 84399.06 | AA93: 5008947 | AB93: 26385222 | AC93: 0 | AD93: 0 | AE93: 51877454 | AF93: 33258966 | AG93: CC High
A94: 92 | B94: 44652 | C94: Private Sector Banks | D94: Jammu & Kashmir Bank | E94: 840 | F94: 614 | G94: 10681 | H94: 945 | I94: 0 | J94: 34066 | K94: 82098 | L94: 3507929 | M94: 124381 | N94: 814568.34 | O94: 106545 | P94: 249940.23 | Q94: 0 | R94: 0 | S94: 5726 | T94: 23724 | U94: 1194471 | V94: 2915260.6 | W94: 3811305 | X94: 1575033.7 | Y94: 0 | Z94: 0 | AA94: 6381892 | AB94: 34658843 | AC94: 7 | AD94: 6.06 | AE94: 1088232.6 | AF94: 39149143 | AG94: DC High
A95: 93 | B95: 44652 | C95: Small Finance Banks | D95: Jana Small Finance Bank | E95: 65 | F95: 2 | G95: 0 | H95: 164 | I95: 0 | J95: 493717 | K95: 0 | L95: 2373395 | M95: 0 | N95: 0 | O95: 0 | P95: 0 | Q95: 0 | R95: 0 | S95: 0 | T95: 0 | U95: 66178 | V95: 98203.7 | W95: 17011 | X95: 29900.92 | Y95: 0 | Z95: 0 | AA95: 276500 | AB95: 1339812.9 | AC95: 0 | AD95: 0 | AE95: 0 | AF95: 1467917.5 | AG95: DC High
A96: 94 | B96: 44652 | C96: Payment Banks | D96: Jio Payments Bank | E96: 0 | F96: 0 | G96: 0 | H96: 0 | I96: 0 | J96: 0 | K96: 0 | L96: 0 | M96: 0 | N96: 0 | O96: 0 | P96: 0 | Q96: 0 | R96: 0 | S96: 0 | T96: 0 | U96: 0 | V96: 0 | W96: 0 | X96: 0 | Y96: 0 | Z96: 0 | AA96: 0 | AB96: 0 | AC96: 0 | AD96: 0 | AE96: 0 | AF96: 0 | AG96: DC High
A97: 95 | B97: 44652 | C97: Private Sector Banks | D97: Karnataka Bank | E97: 825 | F97: 626 | G97: 9382 | H97: 0 | I97: 0 | J97: 30120 | K97: 0 | L97: 5144007 | M97: 0 | N97: 0 | O97: 0 | P97: 0 | Q97: 0 | R97: 0 | S97: 0 | T97: 0 | U97: 1862575 | V97: 2820280.7 | W97: 424515 | X97: 674887.41 | Y97: 0 | Z97: 0 | AA97: 4316271 | AB97: 19085224 | AC97: 0 | AD97: 0 | AE97: 0 | AF97: 22580393 | AG97: DC High
A98: 96 | B98: 44652 | C98: Private Sector Banks | D98: Karur Vysya Bank | E98: 1363 | F98: 856 | G98: 8669 | H98: 0 | I98: 0 | J98: 14532 | K98: 6930 | L98: 4063846 | M98: 18705 | N98: 82484.18 | O98: 4367 | P98: 38383.84 | Q98: 0 | R98: 0 | S98: 334 | T98: 2364.5 | U98: 2046250 | V98: 4143801.8 | W98: 543058 | X98: 1143808.7 | Y98: 10105 | Z98: 198918.61 | AA98: 5104165 | AB98: 24668707 | AC98: 0 | AD98: 0 | AE98: 123232.52 | AF98: 30155236 | AG98: DC High
A99: 97 | B99: 44652 | C99: Private Sector Banks | D99: Kotak Mahindra Bank | E99: 1384 | F99: 1319 | G99: 56647 | H99: 5483 | I99: 22653 | J99: 244101 | K99: 3425409 | L99: 23883034 | M99: 3845081 | N99: 11754124 | O99: 3129115 | P99: 16658320 | Q99: 0 | R99: 0 | S99: 34216 | T99: 135879.13 | U99: 5384725 | V99: 9284625.1 | W99: 4116930 | X99: 7907962.2 | Y99: 0 | Z99: 0 | AA99: 10389247 | AB99: 48266618 | AC99: 0 | AD99: 0 | AE99: 28548323 | AF99: 65459205 | AG99: DC High
A100: 98 | B100: 44652 | C100: Payment Banks | D100: NSDL Payments Bank | E100: 0 | F100: 0 | G100: 0 | H100: 36061 | I100: 0 | J100: 0 | K100: 0 | L100: 349949 | M100: 0 | N100: 0 | O100: 0 | P100: 0 | Q100: 0 | R100: 0 | S100: 0 | T100: 0 | U100: 824 | V100: 892.78 | W100: 20435 | X100: 9925.78 | Y100: 0 | Z100: 0 | AA100: 3787 | AB100: 16145.66 | AC100: 0 | AD100: 0 | AE100: 0 | AF100: 26964.22 | AG100: DC High
A101: 99 | B101: 44652 | C101: Small Finance Banks | D101: North East Small Finance Bank | E101: 8 | F101: 1 | G101: 0 | H101: 0 | I101: 0 | J101: 0 | K101: 0 | L101: 306569 | M101: 0 | N101: 0 | O101: 0 | P101: 0 | Q101: 0 | R101: 0 | S101: 0 | T101: 0 | U101: 18858 | V101: 24887.08 | W101: 0 | X101: 0 | Y101: 0 | Z101: 0 | AA101: 49076 | AB101: 198883.92 | AC101: 0 | AD101: 0 | AE101: 0 | AF101: 223771 | AG101: DC High
A102: 100 | B102: 44652 | C102: Payment Banks | D102: Paytm Payments Bank | E102: 1 | F102: 66 | G102: 421467 | H102: 0 | I102: 0 | J102: 22126800 | K102: 0 | L102: 36856402 | M102: 0 | N102: 0 | O102: 0 | P102: 0 | Q102: 0 | R102: 0 | S102: 0 | T102: 0 | U102: 771840 | V102: 960766.28 | W102: 1677481 | X102: 1863914.8 | Y102: 0 | Z102: 0 | AA102: 2196605 | AB102: 8177172.5 | AC102: 0 | AD102: 0 | AE102: 0 | AF102: 11001854 | AG102: DC High
... A198: 196 | B198: 44713 | C198: Private Sector Banks | D198: Federal Bank | E198: 1509 | F198: 351 | G198: 16090 | H198: 0 | I198: 102143 | J198: 3259467 | K198: 234580 | L198: 12155305 | M198: 511619 | N198: 1619395.9 | O198: 476811 | P198: 2456157 | Q198: 0 | R198: 0 | S198: 2384 | T198: 11783.83 | U198: 5331384 | V198: 8834368.1 | W198: 2073852 | X198: 4080285.6 | Y198: 2069 | Z198: 21408.76 | AA198: 9134630 | AB198: 43754745 | AC198: 338 | AD198: 287.91 | AE198: 4087336.7 | AF198: 56691095 | AG198: DC High
A199: 197 | B199: 44713 | C199: Small Finance Banks | D199: Fincare Small Finance Bank | E199: 126 | G199: 0 | H199: 0 | I199: 0 | J199: 0 | K199: 0 | L199: 3563554 | M199: 0 | N199: 0 | O199: 0 | P199: 0 | Q199: 0 | R199: 0 | S199: 0 | T199: 0 | U199: 52583 | V199: 55097.23 | W199: 7974 | X199: 10664.43 | Y199: 0 | Z199: 0 | AA199: 625285 | AB199: 2872914.5 | AC199: 0 | AD199: 0 | AE199: 0 | AF199: 2938676.1 | AG199: DC High
A200: 198 | B200: 44713 | C200: Payment Banks | D200: Fino Payments Bank | E200: 0 | F200: 0 | G200: 0 | H200: 320914 | I200: 0 | J200: 14964 | K200: 0 | L200: 4997770 | M200: 0 | N200: 0 | O200: 0 | P200: 0 | Q200: 0 | R200: 0 | S200: 0 | T200: 0 | U200: 222472 | V200: 436006.09 | W200: 29897 | X200: 31842.64 | Y200: 0 | Z200: 0 | AA200: 1658471 | AB200: 5345178.8 | AC200: 275 | AD200: 160.22 | AE200: 0 | AF200: 5813187.7 | AG200: DC High
A201: 199 | B201: 44713 | C201: Private Sector Banks | D201: HDFC Bank | E201: 9030 | F201: 9590 | G201: 1306431 | H201: 3318 | I201: 1385589 | J201: 0 | K201: 17605497 | L201: 45013206 | M201: 30307249 | N201: 1.1360813e+08 | O201: 27077748 | P201: 1.8217442e+08 | Q201: 0 | R201: 0 | S201: 166114 | T201: 979335.91 | U201: 24352758 | V201: 55451232 | W201: 16604725 | X201: 39021549 | Y201: 616836 | Z201: 4162124.6 | AA201: 39459953 | AB201: 2.3280713e+08 | AC201: 52100 | AD201: 52017.34 | AE201: 2.9676189e+08 | AF201: 3.3149405e+08 | AG201: DC High
A202: 200 | B202: 44713 | C202: Foreign Banks | D202: HSBC | E202: 46 | F202: 28 | G202: 0 | H202: 0 | I202: 0 | J202: 0 | K202: 762412 | L202: 523995 | M202: 610907 | N202: 3335531.6 | O202: 1066791 | P202: 3913692.8 | Q202: 0 | R202: 0 | S202: 1666 | T202: 13312.44 | U202: 379483 | V202: 1035718.1 | W202: 0 | X202: 0 | Y202: 0 | Z202: 0 | AA202: 254181 | AB202: 1437561.6 | AC202: 0 | AD202: 0 | AE202: 7262536.8 | AF202: 2473279.7 | AG202: CC High
A203: 201 | B203: 44713 | C203: Private Sector Banks | D203: ICICI Bank | E203: 8523 | F203: 7986 | G203: 1032490 | H203: 2560 | I203: 516862 | J203: 3163945 | K203: 13531271 | L203: 36545077 | M203: 20632299 | N203: 72107609 | O203: 22846725 | P203: 1.4457488e+08 | Q203: 0 | R203: 0 | S203: 48685 | T203: 238163.42 | U203: 16704040 | V203: 40092861 | W203: 6543711 | X203: 21940430 | Y203: 26616 | Z203: 247219.34 | AA203: 22788522 | AB203: 141432693 | AC203: 68 | AD203: 52.43 | AE203: 2.1692066e+08 | AF203: 2.0371326e+08 | AG203: CC High
A204: 202 | B204: 44713 | C204: Private Sector Banks | D204: IDBI Bank | E204: 2210 | F204: 1176 | G204: 22602 | H204: 217 | I204: 5928 | J204: 183022 | K204: 41815 | L204: 12812177 | M204: 70290 | N204: 215928.9 | O204: 45978 | P204: 159232.78 | Q204: 0 | R204: 0 | S204: 431 | T204: 2047.19 | U204: 2684224 | V204: 5064008 | W204: 859950 | X204: 1597092 | Y204: 0 | Z204: 0 | AA204: 6838789 | AB204: 33210624 | AC204: 583 | AD204: 643.76 | AE204: 377208.87 | AF204: 39872368 | AG204: DC High
A205: 203 | B205: 44713 | C205: Private Sector Banks | D205: IDFC First Bank | E205: 588 | F205: 219 | G205: 30104 | H205: 11584 | I205: 0 | J205: 38079 | K205: 962792 | L205: 4458810 | M205: 1449506 | N205: 4998429.8 | O205: 1204519 | P205: 7766493.5 | Q205: 0 | R205: 0 | S205: 12702 | T205: 45384.9 | U205: 1395658 | V205: 2101444.4 | W205: 447501 | X205: 1288141.6 | Y205: 0 | Z205: 0 | AA205: 3107399 | AB205: 12988361 | AC205: 0 | AD205: 0 | AE205: 12810308 | AF205: 16377947 | AG205: DC High
A206: 204 | B206: 44713 | C206: Payment Banks | D206: India Post Payments Bank | E206: 0 | F206: 0 | G206: 0 | H206: 132120 | I206: 0 | J206: 120247 | K206: 0 | L206: 0 | M206: 0 | N206: 0 | O206: 0 | P206: 0 | Q206: 0 | R206: 0 | S206: 0 | T206: 0 | U206: 0 | V206: 0 | W206: 0 | X206: 0.39 | Y206: 0 | Z206: 0 | AA206: 0 | AB206: 0 | AC206: 0 | AD206: 0 | AE206: 0 | AF206: 0.39 | AG206: DC High
A207: 205 | B207: 44713 | C207: Public Sector Banks | D207: Indian Bank | E207: 4228 | F207: 596 | G207: 14750 | H207: 9657 | I207: 0 | J207: 377986 | K207: 156312 | L207: 27703669 | M207: 125038 | N207: 283483.29 | O207: 61221 | P207: 283729.37 | Q207: 0 | R207: 0 | S207: 3083 | T207: 19075.62 | U207: 5896214 | V207: 10750902 | W207: 2728229 | X207: 3959054.7 | Y207: 4788 | Z207: 73404.65 | AA207: 20727821 | AB207: 95795257 | AC207: 45612 | AD207: 45087.01 | AE207: 586288.28 | AF207: 1.1062371e+08 | AG207: DC High
A208: 206 | B208: 44713 | C208: Public Sector Banks | D208: Indian Overseas Bank | E208: 2735 | F208: 646 | G208: 0 | H208: 0 | I208: 0 | J208: 108609 | K208: 77236 | L208: 14886914 | M208: 61667 | N208: 143092.14 | O208: 23770 | P208: 62948.38 | Q208: 0 | R208: 0 | S208: 821 | T208: 3846.02 | U208: 3694785 | V208: 6619468.3 | W208: 1155888 | X208: 1844257.1 | Y208: 0 | Z208: 0 | AA208: 15392443 | AB208: 65472059 | AC208: 0 | AD208: 0 | AE208: 209886.54 | AF208: 73935784 | AG208: DC High
A209: 207 | B209: 44713 | C209: Private Sector Banks | D209: IndusInd Bank | E209: 1525 | F209: 1258 | G209: 230746 | H209: 164 | I209: 36052 | J209: 66303 | K209: 2029218 | L209: 7255130 | M209: 2375590 | N209: 10600126 | O209: 2426773 | P209: 44890662 | Q209: 0 | R209: 0 | S209: 20117 | T209: 101824.82 | U209: 1684156 | V209: 3397574 | W209: 1055122 | X209: 3110302.8 | Y209: 1023 | Z209: 75398.76 | AA209: 4913978 | AB209: 24224698 | AC209: 0 | AD209: 0 | AE209: 55592614 | AF209: 30807973 | AG209: CC High
A210: 208 | B210: 44713 | C210: Private Sector Banks | D210: Jammu & Kashmir Bank | E210: 840 | F210: 617 | G210: 11463 | H210: 945 | I210: 0 | J210: 36761 | K210: 81054 | L210: 3527294 | M210: 121753 | N210: 804715.76 | O210: 104589 | P210: 269494.73 | Q210: 0 | R210: 0 | S210: 6065 | T210: 23566.4 | U210: 1094508 | V210: 2567743.9 | W210: 3094565 | X210: 1410257.6 | Y210: 0 | Z210: 0 | AA210: 5962858 | AB210: 30617541 | AC210: 5 | AD210: 3.3 | AE210: 1097776.9 | AF210: 34595546 | AG210: DC High
A211: 209 | B211: 44713 | C211: Small Finance Banks | D211: Jana Small Finance Bank | E211: 65 | F211: 2 | G211: 0 | H211: 164 | I211: 0 | J211: 493924 | K211: 0 | L211: 2438818 | M211: 0 | N211: 0 | O211: 0 | P211: 0 | Q211: 0 | R211: 0 | S211: 0 | T211: 0 | U211: 62189 | V211: 89059.14 | W211: 15104 | X211: 29583.4 | Y211: 0 | Z211: 0 | AA211: 298705 | AB211: 1471947.8 | AC211: 0 | AD211: 0 | AE211: 0 | AF211: 1590590.3 | AG211: DC High
... A221: 219 | B221: 44713 | C221: Private Sector Banks | D221: RBL Bank | E221: 376 | F221: 41 | G221: 943093 | H221: 0 | I221: 47114 | J221: 72410 | K221: 3914742 | L221: 1383312 | M221: 5343936 | N221: 19603092 | O221: 4144164 | P221: 24512259 | Q221: 0 | R221: 0 | S221: 32776 | T221: 115902.37 | U221: 315582 | V221: 610519.41 | W221: 144991 | X221: 399867.08 | Y221: 136 | Z221: 6715.11 | AA221: 609959 | AB221: 3018010.5 | AC221: 0 | AD221: 0 | AE221: 44231254 | AF221: 4035112.1 | AG221: CC High
A222: 220 | B222: 44713 | C222: Foreign Banks | D222: SBM Bank India | E222: 8 | G222: 0 | H222: 230651 | I222: 0 | J222: 0 | K222: 1048914 | L222: 112254 | M222: 374874 | N222: 1534763.9 | O222: 1089788 | P222: 4650711 | Q222: 0 | R222: 0 | S222: 61730 | T222: 399816.32 | U222: 5590 | V222: 10527.47 | W222: 14985 | X222: 26624.95 | Y222: 0 | Z222: 0 | AA222: 6063 | AB222: 24060.15 | AC222: 0 | AD222: 0 | AE222: 6585291.3 | AF222: 61212.57 | AG222: CC High
A223: 221 | B223: 44713 | C223: Private Sector Banks | D223: South Indian Bank | E223: 855 | F223: 417 | G223: 11940 | H223: 0 | I223: 4437 | J223: 56841 | K223: 102132 | L223: 3645317 | M223: 277896 | N223: 855279.13 | O223: 241172 | P223: 1326851.6 | Q223: 0 | R223: 0 | S223: 0 | T223: 0 | U223: 1863522 | V223: 3266936.8 | W223: 428732 | X223: 976925.65 | Y223: 0 | Z223: 0 | AA223: 3110432 | AB223: 13882975 | AC223: 0 | AD223: 0 | AE223: 2182130.7 | AF223: 18126837 | AG223: DC High
A224: 222 | B224: 44713 | C224: Foreign Banks | D224: Standard Chartered Bank | E224: 97 | F224: 71 | G224: 0 | H224: 0 | I224: 0 | J224: 0 | K224: 1325750 | L224: 1124313 | M224: 1676090 | N224: 5045067.2 | O224: 1404270 | P224: 6328385 | Q224: 0 | R224: 0 | S224: 3087 | T224: 21310.32 | U224: 850733 | V224: 2056009.4 | W224: 597666 | X224: 1084012.4 | Y224: 21 | Z224: 458.12 | AA224: 969371 | AB224: 4492253.6 | AC224: 0 | AD224: 0 | AE224: 11394763 | AF224: 7632733.6 | AG224: CC High
A225: 223 | B225: 44713 | C225: Public Sector Banks | D225: State Bank of India | E225: 26022 | F225: 39548 | G225: 953970 | H225: 51544 | I225: 518815 | J225: 1749438 | K225: 14315734 | L225: 274069731 | M225: 23705628 | N225: 68309259 | O225: 18159026 | P225: 1.2005241e+08 | Q225: 0 | R225: 0 | S225: 91727 | T225: 342126.61 | U225: 57507759 | V225: 1.1075685e+08 | W225: 29873680 | X225: 47622744 | Y225: 2132 | Z225: 26272.01 | AA225: 189377980 | AB225: 9.2442525e+08 | AC225: 68461 | AD225: 67181.54 | AE225: 1.8870379e+08 | AF225: 1.0828983e+09 | AG225: DC High
A226: 224 | B226: 44713 | C226: Small Finance Banks | D226: Suryoday Small Finance Bank | E226: 0 | F226: 0 | G226: 0 | H226: 67 | I226: 0 | J226: 0 | K226: 0 | L226: 472353 | M226: 0 | N226: 0 | O226: 0 | P226: 0 | Q226: 0 | R226: 0 | S226: 0 | T226: 0 | U226: 26999 | V226: 31868.15 | W226: 4081 | X226: 7878.27 | Y226: 0 | Z226: 0 | AA226: 101030 | AB226: 434240.38 | AC226: 0 | AD226: 0 | AE226: 0 | AF226: 473986.8 | AG226: DC High
A227: 225 | B227: 44713 | C227: Private Sector Banks | D227: Tamilnad Mercantile Bank | E227: 476 | F227: 668 | G227: 4490 | H227: 0 | I227: 0 | J227: 0 | K227: 40660 | L227: 2089014 | M227: 44698 | N227: 198105.03 | O227: 21073 | P227: 103363.43 | Q227: 0 | R227: 0 | S227: 2025 | T227: 8111 | U227: 487441 | V227: 1027169.3 | W227: 140320 | X227: 229581.84 | Y227: 113 | Z227: 298.69 | AA227: 5427385 | AB227: 22180051 | AC227: 0 | AD227: 0 | AE227: 309579.46 | AF227: 23437101 | AG227: DC High
A228: 226 | B228: 44713 | C228: Public Sector Banks | D228: UCO Bank | E228: 2144 | F228: 222 | G228: 10331 | H228: 3568 | I228: 1651 | J228: 400905 | K228: 0 | L228: 11542722 | M228: 0 | N228: 0 | O228: 0 | P228: 0 | Q228: 0 | R228: 0 | S228: 0 | T228: 0 | U228: 1754992 | V228: 3440800 | W228: 1117238 | X228: 1704470.9 | Y228: 1518 | Z228: 22984.38 | AA228: 6845507 | AB228: 29728861 | AC228: 2972 | AD228: 1632.03 | AE228: 0 | AF228: 34898748 | AG228: DC High
A229: 227 | B229: 44713 | C229: Small Finance Banks | D229: Ujjivan Small Finance Bank | E229: 489 | F229: 3 | G229: 0 | H229: 0 | I229: 0 | J229: 92922 | K229: 0 | L229: 7418764 | M229: 0 | N229: 0 | O229: 0 | P229: 0 | Q229: 0 | R229: 0 | S229: 0 | T229: 0 | U229: 356884 | V229: 494108.96 | W229: 154428 | X229: 275034.4 | Y229: 0 | Z229: 0 | AA229: 3264923 | AB229: 14409165 | AC229: 171 | AD229: 167.8 | AE229: 0 | AF229: 15178476 | AG229: DC High
A230: 228 | B230: 44713 | C230: Public Sector Banks | D230: Union Bank of India | E230: 8042 | F230: 3190 | G230: 49108 | H230: 8032 | I230: 6097 | J230: 231730 | K230: 552143 | L230: 49044522 | M230: 486792 | N230: 1505271.8 | O230: 266186 | P230: 996496.46 | Q230: 0 | R230: 0 | S230: 6130 | T230: 31150.89 | U230: 10361312 | V230: 17596074 | W230: 6435536 | X230: 9922865.2 | Y230: 2583 | Z230: 9573.88 | AA230: 47443437 | AB230: 1.4576983e+08 | AC230: 13513 | AD230: 13652.53 | AE230: 2532919.1 | AF230: 1.73312e+08 | AG230: DC High
A231: 229 | B231: 44713 | C231: Small Finance Banks | D231: Unity Small Finance Bank | E231: 0 | F231: 0 | G231: 0 | H231: 0 | I231: 0 | J231: 0 | K231: 0 | L231: 0 | M231: 0 | N231: 0 | O231: 0 | P231: 0 | Q231: 0 | R231: 0 | S231: 0 | T231: 0 | U231: 0 | V231: 0 | W231: 0 | X231: 0 | Y231: 0 | Z231: 0 | AA231: 483 | AB231: 1759.4 | AC231: 0 | AD231: 0 | AE231: 0 | AF231: 1759.4 | AG231: DC High
A232: 230 | B232: 44713 | C232: Small Finance Banks | D232: Utkarsh Small Finance Bank | E232: 231 | F232: 6 | G232: 0 | H232: 450 | I232: 0 | J232: 7572 | K232: 0 | L232: 1392937 | M232: 0 | N232: 0 | O232: 0 | P232: 0 | Q232: 0 | R232: 0 | S232: 0 | T232: 0 | U232: 40122 | V232: 61158.79 | W232: 12566 | X232: 20338.31 | Y232: 0 | Z232: 0 | AA232: 600256 | AB232: 1758299.4 | AC232: 0 | AD232: 0 | AE232: 0 | AF232: 1839796.5 | AG232: DC High
A233: 231 | B233: 44713 | C233: Private Sector Banks | D233: Yes Bank | E233: 1060 | F233: 192 | G233: 58297 | H233: 91584 | I233: 292441 | J233: 113196471 | K233: 1294496 | L233: 3861792 | M233: 1533286 | N233: 4385331 | O233: 1079647 | P233: 6597157.8 | Q233: 0 | R233: 0 | S233: 16324 | T233: 69267.2 | U233: 1324133 | V233: 2433549 | W233: 701552 | X233: 1579811 | Y233: 51 | Z233: 859.98 | AA233: 2552919 | AB233: 11933042 | AC233: 1058 | AD233: 1057 | AE233: 11051756 | AF233: 15948319 | AG233: DC High
A234: 232 | B234: 44743 | C234: Small Finance Banks | D234: AU Small Finance Bank | E234: 439 | F234: 3 | G234: 0 | H234: 338 | I234: 0 | J234: 718238 | K234: 274656 | L234: 2158365 | M234: 399701 | N234: 2087334.7 | O234: 309557 | P234: 2229132.1 | Q234: 1295 | R234: 651.16 | S234: 5638 | T234: 35495.9 | U234: 259927 | V234: 607300.68 | W234: 194402 | X234: 562329.13 | Y234: 237 | Z234: 3235.28 | AA234: 908307 | AB234: 5646406.8 | AC234: 297 | AD234: 295.11 | AE234: 4352613.9 | AF234: 6819567 | AG234: DC High
... A337: 335 | B337: 44774 | C337: Private Sector Banks | D337: RBL Bank | E337: 373 | F337: 41 | G337: 1058325 | H337: 0 | I337: 47223 | J337: 65335 | K337: 4044789 | L337: 1432029 | M337: 6038326 | N337: 21665726 | O337: 4076781 | P337: 24870440 | Q337: 0 | R337: 0 | S337: 40259 | T337: 132904.26 | U337: 312464 | V337: 611480.59 | W337: 143706 | X337: 440062.07 | Y337: 128 | Z337: 5777.05 | AA337: 627505 | AB337: 3049655.3 | AC337: 0 | AD337: 0 | AE337: 46669069 | AF337: 4106975 | AG337: CC High
A338: 336 | B338: 44774 | C338: Foreign Banks | D338: SBM Bank India | G338: 0 | H338: 267925 | I338: 0 | J338: 0 | K338: 1222172 | L338: 248119 | M338: 458298 | N338: 2042887.8 | O338: 1185280 | P338: 5734958.3 | Q338: 0 | R338: 0 | S338: 58942 | T338: 360274.48 | U338: 10088.5 | V338: 27026.53 | W338: 28920.5 | X338: 77236.61 | Y338: 0 | Z338: 0 | AA338: 13146 | AB338: 49907.71 | AC338: 0 | AD338: 0 | AE338: 8138120.5 | AF338: 154170.85 | AG338: CC High
A339: 337 | B339: 44774 | C339: Private Sector Banks | D339: South Indian Bank | E339: 856 | F339: 416 | G339: 12837 | H339: 0 | I339: 5111 | J339: 61526 | K339: 128960 | L339: 3646976 | M339: 350957 | N339: 1076770.1 | O339: 319554 | P339: 1816907.6 | Q339: 0 | R339: 0 | S339: 0 | T339: 0 | U339: 1979183 | V339: 3708492.6 | W339: 405185 | X339: 1010768.2 | Y339: 0 | Z339: 0 | AA339: 3208268 | AB339: 14419487 | AC339: 0 | AD339: 0 | AE339: 2893677.7 | AF339: 19138748 | AG339: DC High
A340: 338 | B340: 44774 | C340: Foreign Banks | D340: Standard Chartered Bank | E340: 99 | F340: 74 | G340: 0 | H340: 0 | I340: 0 | J340: 0 | K340: 1319608 | L340: 1167038 | M340: 1880615 | N340: 5597285.7 | O340: 1404190 | P340: 6437526.9 | Q340: 0 | R340: 0 | S340: 3141 | T340: 21009.12 | U340: 939559 | V340: 2289915.8 | W340: 424743 | X340: 895438.1 | Y340: 30 | Z340: 532.31 | AA340: 982249 | AB340: 4544701.9 | AC340: 0 | AD340: 0 | AE340: 12055822 | AF340: 7730588.1 | AG340: CC High
A341: 339 | B341: 44774 | C341: Public Sector Banks | D341: State Bank of India | E341: 25721 | F341: 39969 | G341: 965920 | H341: 51926 | I341: 534747 | J341: 1832983 | K341: 14830926 | L341: 277159959 | M341: 24874157 | N341: 73273040 | O341: 19272201 | P341: 1.2275547e+08 | Q341: 0 | R341: 0 | S341: 104690 | T341: 388351.3 | U341: 57842497 | V341: 113792384 | W341: 27311820 | X341: 48475519 | Y341: 1995 | Z341: 25212.07 | AA341: 192726592 | AB341: 919201109 | AC341: 63627 | AD341: 56313.26 | AE341: 1.9641686e+08 | AF341: 1.0815505e+09 | AG341: DC High
A342: 340 | B342: 44774 | C342: Small Finance Banks | D342: Suryoday Small Finance Bank | E342: 0 | F342: 0 | G342: 0 | H342: 67 | I342: 0 | J342: 0 | K342: 0 | L342: 501612 | M342: 0 | N342: 0 | O342: 0 | P342: 0 | Q342: 0 | R342: 0 | S342: 0 | T342: 0 | U342: 12089 | V342: 15353.47 | W342: 924 | X342: 2392.06 | Y342: 0 | Z342: 0 | AA342: 45741 | AB342: 199288.22 | AC342: 0 | AD342: 0 | AE342: 0 | AF342: 217033.75 | AG342: DC High
A343: 341 | B343: 44774 | C343: Private Sector Banks | D343: Tamilnad Mercantile Bank | E343: 477 | F343: 670 | G343: 4607 | H343: 0 | I343: 0 | J343: 0 | K343: 40979 | L343: 2105582 | M343: 50184 | N343: 212433.29 | O343: 21084 | P343: 106147.3 | Q343: 0 | R343: 0 | S343: 2258 | T343: 8608 | U343: 497077 | V343: 1088680.5 | W343: 134404 | X343: 225927.87 | Y343: 125 | Z343: 356.44 | AA343: 5257855 | AB343: 21693087 | AC343: 0 | AD343: 0 | AE343: 327188.59 | AF343: 23008052 | AG343: DC High
A344: 342 | B344: 44774 | C344: Public Sector Banks | D344: UCO Bank | E344: 2164 | F344: 219 | G344: 10205 | H344: 3568 | I344: 1596 | J344: 437419 | K344: 0 | L344: 11753993 | M344: 0 | N344: 0 | O344: 0 | P344: 0 | Q344: 0 | R344: 0 | S344: 0 | T344: 0 | U344: 2018089 | V344: 3742246.8 | W344: 818529 | X344: 1451450.6 | Y344: 1155 | Z344: 16199.84 | AA344: 6979613 | AB344: 29613880 | AC344: 2437 | AD344: 1592.45 | AE344: 0 | AF344: 34825370 | AG344: DC High
A345: 343 | B345: 44774 | C345: Small Finance Banks | D345: Ujjivan Small Finance Bank | E345: 494 | F345: 3 | G345: 0 | H345: 0 | I345: 0 | J345: 155878 | K345: 0 | L345: 7680056 | M345: 0 | N345: 0 | O345: 0 | P345: 0 | Q345: 0 | R345: 0 | S345: 0 | T345: 0 | U345: 342867 | V345: 489537.88 | W345: 145031 | X345: 285360.54 | Y345: 0 | Z345: 0 | AA345: 3264678 | AB345: 13979343 | AC345: 235 | AD345: 213.6 | AE345: 0 | AF345: 14754455 | AG345: DC High
A346: 344 | B346: 44774 | C346: Public Sector Banks | D346: Union Bank of India | E346: 8042 | F346: 3190 | G346: 42695 | H346: 8032 | I346: 15977 | J346: 234546 | K346: 563047 | L346: 49647373 | M346: 506381 | N346: 1560303.5 | O346: 265760 | P346: 1014019.9 | Q346: 0 | R346: 0 | S346: 6277 | T346: 31481.46 | U346: 10277219 | V346: 17543981 | W346: 6236821 | X346: 10004857 | Y346: 3302 | Z346: 12534.44 | AA346: 45680096 | AB346: 1.4428977e+08 | AC346: 12354 | AD346: 12223.69 | AE346: 2605804.8 | AF346: 1.7186337e+08 | AG346: DC High
A347: 345 | B347: 44774 | C347: Small Finance Banks | D347: Unity Small Finance Bank | E347: 231 | F347: 0 | G347: 0 | H347: 0 | I347: 0 | J347: 0 | K347: 0 | L347: 0 | M347: 0 | N347: 0 | O347: 0 | P347: 0 | Q347: 0 | R347: 0 | S347: 0 | T347: 0 | U347: 0 | V347: 0 | W347: 0 | X347: 0 | Y347: 0 | Z347: 0 | AA347: 597 | AB347: 2170.3 | AC347: 0 | AD347: 0 | AE347: 0 | AF347: 2170.3 | AG347: DC High
A348: 346 | B348: 44774 | C348: Small Finance Banks | D348: Utkarsh Small Finance Bank | E348: 234 | F348: 7 | G348: 0 | H348: 450 | I348: 0 | J348: 10005 | K348: 0 | L348: 1422606 | M348: 0 | N348: 0 | O348: 0 | P348: 0 | Q348: 0 | R348: 0 | S348: 0 | T348: 0 | U348: 42406 | V348: 67055.04 | W348: 11711 | X348: 19281.18 | Y348: 0 | Z348: 0 | AA348: 849464 | AB348: 2351241.5 | AC348: 0 | AD348: 0 | AE348: 0 | AF348: 2437577.7 | AG348: DC High
A349: 347 | B349: 44774 | C349: Private Sector Banks | D349: Yes Bank | E349: 1067 | F349: 189 | G349: 58617 | H349: 84421 | I349: 311655 | J349: 120760703 | K349: 1246243 | L349: 4046276 | M349: 1758113 | N349: 5155611.9 | O349: 1074701 | P349: 6975967.9 | Q349: 0 | R349: 0 | S349: 18930 | T349: 79894.6 | U349: 1286833 | V349: 2454511.9 | W349: 670589 | X349: 1584327.5 | Y349: 53 | Z349: 837.38 | AA349: 2698231 | AB349: 12492821 | AC349: 1184 | AD349: 1178.4 | AE349: 12211474 | AF349: 16533676 | AG349: DC High
A350: 348 | B350: 44805 | C350: Small Finance Banks | D350: AU Small Finance Bank | E350: 457 | F350: 3 | G350: 0 | H350: 341 | I350: 0 | J350: 814950 | K350: 317125 | L350: 2259742 | M350: 463380 | N350: 2429179.2 | O350: 440921 | P350: 2859172.9 | Q350: 1405 | R350: 684.15 | S350: 5780 | T350: 34866.8 | U350: 248468 | V350: 584183.11 | W350: 211895 | X350: 591357.05 | Y350: 281 | Z350: 3665.24 | AA350: 942672 | AB350: 5931583.3 | AC350: 325 | AD350: 326.6 | AE350: 5323903 | AF350: 7111115.3 | AG350: DC High
... A372: 370 | B372: 44805 | C372: Private Sector Banks | D372: Federal Bank | E372: 1525 | F372: 350 | G372: 16191 | H372: 0 | I372: 94494 | J372: 3617366 | K372: 332823 | L372: 12197238 | M372: 705959 | N372: 2242367.5 | O372: 686769 | P372: 3831014.3 | Q372: 0 | R372: 0 | S372: 2930 | T372: 14222.04 | U372: 5283182 | V372: 9668780 | W372: 1982612 | X372: 4832150.6 | Y372: 2319 | Z372: 27487.02 | AA372: 8947079 | AB372: 43179908 | AC372: 316 | AD372: 284.8 | AE372: 6087603.9 | AF372: 57708610 | AG372: DC High
A373: 371 | B373: 44805 | C373: Small Finance Banks | D373: Fincare Small Finance Bank | E373: 131 | G373: 0 | H373: 0 | I373: 0 | J373: 0 | K373: 0 | L373: 3815376 | M373: 0 | N373: 0 | O373: 0 | P373: 0 | Q373: 0 | R373: 0 | S373: 0 | T373: 0 | U373: 49192 | V373: 54595.48 | W373: 5048 | X373: 9376.88 | Y373: 0 | Z373: 0 | AA373: 674057 | AB373: 3284131.8 | AC373: 0 | AD373: 0 | AE373: 0 | AF373: 3348104.2 | AG373: DC High
A374: 372 | B374: 44805 | C374: Payment Banks | D374: Fino Payments Bank | E374: 0 | F374: 0 | G374: 0 | H374: 339705 | I374: 0 | J374: 16419 | K374: 0 | L374: 5316570 | M374: 0 | N374: 0 | O374: 0 | P374: 0 | Q374: 0 | R374: 0 | S374: 0 | T374: 0 | U374: 215798 | V374: 394454.85 | W374: 20049 | X374: 22787.85 | Y374: 0 | Z374: 0 | AA374: 1695598 | AB374: 5117763.2 | AC374: 247 | AD374: 143.93 | AE374: 0 | AF374: 5535149.9 | AG374: DC High
A375: 373 | B375: 44805 | C375: Private Sector Banks | D375: HDFC Bank | E375: 9229 | F375: 9639 | G375: 1423021 | H375: 4232 | I375: 1666911 | J375: 0 | K375: 16328522 | L375: 47410153 | M375: 30269038 | N375: 1.1679571e+08 | O375: 28534968 | P375: 2.0822295e+08 | Q375: 0 | R375: 0 | S375: 185854 | T375: 1077124.5 | U375: 22247157 | V375: 52310457 | W375: 16940674 | X375: 43296504 | Y375: 520727 | Z375: 3095331.8 | AA375: 39459360 | AB375: 2.3219076e+08 | AC375: 54681 | AD375: 54612.5 | AE375: 3.2609579e+08 | AF375: 3.3094766e+08 | AG375: DC High
A376: 374 | B376: 44805 | C376: Foreign Banks | D376: HSBC | E376: 46 | F376: 28 | G376: 0 | H376: 0 | I376: 0 | J376: 0 | K376: 717508 | L376: 542818 | M376: 585307 | N376: 3557118.9 | O376: 1048353 | P376: 3724814.1 | Q376: 0 | R376: 0 | S376: 1542 | T376: 11453.11 | U376: 366998 | V376: 921152.05 | W376: 0 | X376: 0 | Y376: 0 | Z376: 0 | AA376: 243510 | AB376: 1386422.9 | AC376: 0 | AD376: 0 | AE376: 7293386.1 | AF376: 2307575 | AG376: CC High
A377: 375 | B377: 44805 | C377: Private Sector Banks | D377: ICICI Bank | E377: 8687 | F377: 7790 | G377: 1155529 | H377: 2543 | I377: 543693 | J377: 3233747 | K377: 13316346 | L377: 35633467 | M377: 26146920 | N377: 91002087 | O377: 22525898 | P377: 1.4531027e+08 | Q377: 0 | R377: 0 | S377: 48715 | T377: 239545.06 | U377: 14796212 | V377: 36039102 | W377: 6753562 | X377: 29362587 | Y377: 21536 | Z377: 197954.75 | AA377: 21647063 | AB377: 1.3599518e+08 | AC377: 70 | AD377: 55.34 | AE377: 2.365519e+08 | AF377: 2.0159488e+08 | AG377: CC High
A378: 376 | B378: 44805 | C378: Private Sector Banks | D378: IDBI Bank | E378: 2211 | F378: 1134 | G378: 22546 | H378: 210 | I378: 7114 | J378: 191135 | K378: 43232 | L378: 12507547 | M378: 69018 | N378: 212439.87 | O378: 45597 | P378: 165897.71 | Q378: 0 | R378: 0 | S378: 419 | T378: 2229.7 | U378: 2440661 | V378: 4597198.8 | W378: 690237 | X378: 1412638.2 | Y378: 0 | Z378: 0 | AA378: 6622507 | AB378: 31867471 | AC378: 431 | AD378: 395.92 | AE378: 380567.28 | AF378: 37877704 | AG378: DC High
A379: 377 | B379: 44805 | C379: Private Sector Banks | D379: IDFC First Bank | E379: 602 | F379: 210 | G379: 34593 | H379: 11549 | I379: 0 | J379: 38079 | K379: 1204190 | L379: 5007516 | M379: 1649188 | N379: 5559670.8 | O379: 1394789 | P379: 9208151.3 | Q379: 0 | R379: 0 | S379: 16467 | T379: 57781.1 | U379: 1410670 | V379: 2081000.2 | W379: 429377 | X379: 1467695.6 | Y379: 0 | Z379: 0 | AA379: 3275861 | AB379: 12817952 | AC379: 0 | AD379: 0 | AE379: 14825603 | AF379: 16366648 | AG379: DC High
A380: 378 | B380: 44805 | C380: Payment Banks | D380: India Post Payments Bank | E380: 0 | F380: 0 | G380: 0 | H380: 172055 | I380: 0 | J380: 121593 | K380: 0 | L380: 7037102 | M380: 0 | N380: 0 | O380: 0 | P380: 0 | Q380: 0 | R380: 0 | S380: 0 | T380: 0 | U380: 0 | V380: 0 | W380: 472358 | X380: 300855.85 | Y380: 0 | Z380: 0 | AA380: 0 | AB380: 0 | AC380: 0 | AD380: 0 | AE380: 0 | AF380: 300855.85 | AG380: DC High
A381: 379 | B381: 44805 | C381: Public Sector Banks | D381: Indian Bank | E381: 4230 | F381: 595 | G381: 15104 | H381: 9968 | I381: 0 | J381: 419435 | K381: 160881 | L381: 28656557 | M381: 122400 | N381: 378701.74 | O381: 69802 | P381: 330701.18 | Q381: 0 | R381: 0 | S381: 3060 | T381: 19102.04 | U381: 5425748 | V381: 10038288 | W381: 2515758 | X381: 4011049.8 | Y381: 4784 | Z381: 72291.18 | AA381: 19694941 | AB381: 90838090 | AC381: 43440 | AD381: 42914.23 | AE381: 728504.96 | AF381: 1.0500263e+08 | AG381: DC High
A382: 380 | B382: 44805 | C382: Public Sector Banks | D382: Indian Overseas Bank | E382: 2716 | F382: 721 | G382: 0 | H382: 0 | I382: 0 | J382: 223998 | K382: 83125 | L382: 15445034 | M382: 62582 | N382: 155306.76 | O382: 26120 | P382: 71210.7 | Q382: 0 | R382: 0 | S382: 941 | T382: 4299.44 | U382: 3372727 | V382: 6128932.7 | W382: 1056827 | X382: 1859947.7 | Y382: 0 | Z382: 0 | AA382: 14231119 | AB382: 59259013 | AC382: 0 | AD382: 0 | AE382: 230816.9 | AF382: 67247894 | AG382: DC High
A383: 381 | B383: 44805 | C383: Private Sector Banks | D383: IndusInd Bank | E383: 1559 | F383: 1248 | G383: 233094 | H383: 151 | I383: 35530 | J383: 77990 | K383: 1931403 | L383: 7593333 | M383: 2480963 | N383: 11133329 | O383: 2801456 | P383: 33915449 | Q383: 0 | R383: 0 | S383: 22961 | T383: 116201 | U383: 1541061 | V383: 3238382.5 | W383: 962054 | X383: 3224910.4 | Y383: 989 | Z383: 61792.2 | AA383: 5407571 | AB383: 25880603 | AC383: 0 | AD383: 0 | AE383: 45164979 | AF383: 32405688 | AG383: CC High
A384: 382 | B384: 44805 | C384: Private Sector Banks | D384: Jammu & Kashmir Bank | E384: 850 | F384: 621 | G384: 11593 | H384: 945 | I384: 0 | J384: 119705 | K384: 83010 | L384: 3660711 | M384: 129451 | N384: 859513.17 | O384: 112849 | P384: 294467.22 | Q384: 0 | R384: 0 | S384: 6166 | T384: 25235.3 | U384: 1258271 | V384: 2739868 | W384: 3384171 | X384: 1375455.4 | Y384: 0 | Z384: 0 | AA384: 5840685 | AB384: 30179286 | AC384: 1 | AD384: 1 | AE384: 1179215.7 | AF384: 34294611 | AG384: DC High
A385: 383 | B385: 44805 | C385: Small Finance Banks | D385: Jana Small Finance Bank | E385: 59 | F385: 2 | G385: 0 | H385: 164 | I385: 0 | J385: 494252 | K385: 0 | L385: 2539700 | M385: 0 | N385: 0 | O385: 0 | P385: 0 | Q385: 0 | R385: 0 | S385: 0 | T385: 0 | U385: 58420 | V385: 88466.17 | W385: 9147 | X385: 20061.55 | Y385: 0 | Z385: 0 | AA385: 317375 | AB385: 1563143.7 | AC385: 0 | AD385: 0 | AE385: 0 | AF385: 1671671.4 | AG385: DC High
... A404: 402 | B404: 44805 | C404: Public Sector Banks | D404: Union Bank of India | E404: 8042 | F404: 3190 | G404: 42458 | H404: 8032 | I404: 19636 | J404: 234562 | K404: 555212 | L404: 50217508 | M404: 448212 | N404: 1396117.4 | O404: 253431 | P404: 980026.56 | Q404: 0 | R404: 0 | S404: 5745 | T404: 28540.39 | U404: 9621500 | V404: 16260224 | W404: 6087540 | X404: 9899039.9 | Y404: 3030 | Z404: 11553.02 | AA404: 53780976 | AB404: 1.389971e+08 | AC404: 11040 | AD404: 10832.42 | AE404: 2404684.3 | AF404: 1.6517875e+08 | AG404: DC High
A405: 403 | B405: 44805 | C405: Small Finance Banks | D405: Unity Small Finance Bank | E405: 231 | G405: 0 | H405: 0 | I405: 0 | J405: 0 | K405: 0 | L405: 537288 | M405: 0 | N405: 0 | O405: 0 | P405: 0 | Q405: 0 | R405: 0 | S405: 0 | T405: 0 | U405: 0 | V405: 0 | W405: 0 | X405: 0 | Y405: 0 | Z405: 0 | AA405: 544 | AB405: 1917.4 | AC405: 0 | AD405: 0 | AE405: 0 | AF405: 1917.4 | AG405: DC High
A406: 404 | B406: 44805 | C406: Small Finance Banks | D406: Utkarsh Small Finance Bank | E406: 238 | F406: 7 | G406: 0 | H406: 481 | I406: 0 | J406: 10830 | K406: 0 | L406: 1436759 | M406: 0 | N406: 0 | O406: 0 | P406: 0 | Q406: 0 | R406: 0 | S406: 0 | T406: 0 | U406: 42023 | V406: 66613.85 | W406: 12067 | X406: 22276.5 | Y406: 0 | Z406: 0 | AA406: 624797 | AB406: 1906913.2 | AC406: 0 | AD406: 0 | AE406: 0 | AF406: 1995803.5 | AG406: DC High
...

Sheet Dim_Bank
A1: ID | B1: Bank_Category | C1: Bank_Name
A2: 0 | B2: Small Finance Banks | C2: AU Small Finance Bank
A3: 1 | B3: Payment Banks | C3: Airtel Payments Bank
A4: 2 | B4: Foreign Banks | C4: American Express
A5: 3 | B5: Private Sector Banks | C5: Axis Bank
A6: 4 | B6: Private Sector Banks | C6: Bandhan Bank
A7: 5 | B7: Foreign Banks | C7: Bank of America
A8: 6 | B8: Public Sector Banks | C8: Bank of Baroda
A9: 7 | B9: Public Sector Banks | C9: Bank of India
A10: 8 | B10: Public Sector Banks | C10: Bank of Maharashtra
A11: 9 | B11: Foreign Banks | C11: Barclays Bank
A12: 10 | B12: Public Sector Banks | C12: Canara Bank
A13: 11 | B13: Small Finance Banks | C13: Capital Small Finance Bank
... A2672: 2670 | B2672: Private Sector Banks | C2672: Yes Bank

Sheet Dim_Date
A1: Date | B1: Year | C1: Month_name | D1: Month_no | E1: Financial_year | F1: Quarterly | G1: Financial year month_no
A2: 44621 | B2: =YEAR(A2) -> 2022 | C2: =TEXT(A2,"mmmm") -> March | D2: =MONTH(A2) -> 3 | E2: =IF(MONTH(A2)>3, "FY " & YEAR(A2) & "-" & RIGHT(YEAR(A2)+1, 2), "FY " & YEAR(A2)-1 & "-" & RIGHT(YEAR(A2), 2)) -> FY 2021-22 | F2: ="Q" & ROUNDUP(MONTH(A2)/3,0) -> Q1 | G2: =IF(MONTH(A2)>=4, MONTH(A2)-3, MONTH(A2)+9) -> 12
A3: 44621 | B3: =YEAR(A3) -> 2022 | C3: =TEXT(A3,"mmmm") -> March | D3: =MONTH(A3) -> 3 | E3: =IF(MONTH(A3)>3, "FY " & YEAR(A3) & "-" & RIGHT(YEAR(A3)+1, 2), "FY " & YEAR(A3)-1 & "-" & RIGHT(YEAR(A3), 2)) -> FY 2021-22 | F3: ="Q" & ROUNDUP(MONTH(A3)/3,0) -> Q1 | G3: =IF(MONTH(A3)>=4, MONTH(A3)-3, MONTH(A3)+9) -> 12
A4: 44621 | B4: =YEAR(A4) -> 2022 | C4: =TEXT(A4,"mmmm") -> March | D4: =MONTH(A4) -> 3 | E4: =IF(MONTH(A4)>3, "FY " & YEAR(A4) & "-" & RIGHT(YEAR(A4)+1, 2), "FY " & YEAR(A4)-1 & "-" & RIGHT(YEAR(A4), 2)) -> FY 2021-22 | F4: ="Q" & ROUNDUP(MONTH(A4)/3,0) -> Q1 | G4: =IF(MONTH(A4)>=4, MONTH(A4)-3, MONTH(A4)+9) -> 12
A5: 44621 | B5: =YEAR(A5) -> 2022 | C5: =TEXT(A5,"mmmm") -> March | D5: =MONTH(A5) -> 3 | E5: =IF(MONTH(A5)>3, "FY " & YEAR(A5) & "-" & RIGHT(YEAR(A5)+1, 2), "FY " & YEAR(A5)-1 & "-" & RIGHT(YEAR(A5), 2)) -> FY 2021-22 | F5: ="Q" & ROUNDUP(MONTH(A5)/3,0) -> Q1 | G5: =IF(MONTH(A5)>=4, MONTH(A5)-3, MONTH(A5)+9) -> 12
A6: 44621 | B6: =YEAR(A6) -> 2022 | C6: =TEXT(A6,"mmmm") -> March | D6: =MONTH(A6) -> 3 | E6: =IF(MONTH(A6)>3, "FY " & YEAR(A6) & "-" & RIGHT(YEAR(A6)+1, 2), "FY " & YEAR(A6)-1 & "-" & RIGHT(YEAR(A6), 2)) -> FY 2021-22 | F6: ="Q" & ROUNDUP(MONTH(A6)/3,0) -> Q1 | G6: =IF(MONTH(A6)>=4, MONTH(A6)-3, MONTH(A6)+9) -> 12
A7: 44621 | B7: =YEAR(A7) -> 2022 | C7: =TEXT(A7,"mmmm") -> March | D7: =MONTH(A7) -> 3 | E7: =IF(MONTH(A7)>3, "FY " & YEAR(A7) & "-" & RIGHT(YEAR(A7)+1, 2), "FY " & YEAR(A7)-1 & "-" & RIGHT(YEAR(A7), 2)) -> FY 2021-22 | F7: ="Q" & ROUNDUP(MONTH(A7)/3,0) -> Q1 | G7: =IF(MONTH(A7)>=4, MONTH(A7)-3, MONTH(A7)+9) -> 12
A8: 44621 | B8: =YEAR(A8) -> 2022 | C8: =TEXT(A8,"mmmm") -> March | D8: =MONTH(A8) -> 3 | E8: =IF(MONTH(A8)>3, "FY " & YEAR(A8) & "-" & RIGHT(YEAR(A8)+1, 2), "FY " & YEAR(A8)-1 & "-" & RIGHT(YEAR(A8), 2)) -> FY 2021-22 | F8: ="Q" & ROUNDUP(MONTH(A8)/3,0) -> Q1 | G8: =IF(MONTH(A8)>=4, MONTH(A8)-3, MONTH(A8)+9) -> 12
A9: 44621 | B9: =YEAR(A9) -> 2022 | C9: =TEXT(A9,"mmmm") -> March | D9: =MONTH(A9) -> 3 | E9: =IF(MONTH(A9)>3, "FY " & YEAR(A9) & "-" & RIGHT(YEAR(A9)+1, 2), "FY " & YEAR(A9)-1 & "-" & RIGHT(YEAR(A9), 2)) -> FY 2021-22 | F9: ="Q" & ROUNDUP(MONTH(A9)/3,0) -> Q1 | G9: =IF(MONTH(A9)>=4, MONTH(A9)-3, MONTH(A9)+9) -> 12
A10: 44621 | B10: =YEAR(A10) -> 2022 | C10: =TEXT(A10,"mmmm") -> March | D10: =MONTH(A10) -> 3 | E10: =IF(MONTH(A10)>3, "FY " & YEAR(A10) & "-" & RIGHT(YEAR(A10)+1, 2), "FY " & YEAR(A10)-1 & "-" & RIGHT(YEAR(A10), 2)) -> FY 2021-22 | F10: ="Q" & ROUNDUP(MONTH(A10)/3,0) -> Q1 | G10: =IF(MONTH(A10)>=4, MONTH(A10)-3, MONTH(A10)+9) -> 12
A11: 44621 | B11: =YEAR(A11) -> 2022 | C11: =TEXT(A11,"mmmm") -> March | D11: =MONTH(A11) -> 3 | E11: =IF(MONTH(A11)>3, "FY " & YEAR(A11) & "-" & RIGHT(YEAR(A11)+1, 2), "FY " & YEAR(A11)-1 & "-" & RIGHT(YEAR(A11), 2)) -> FY 2021-22 | F11: ="Q" & ROUNDUP(MONTH(A11)/3,0) -> Q1 | G11: =IF(MONTH(A11)>=4, MONTH(A11)-3, MONTH(A11)+9) -> 12
A12: 44621 | B12: =YEAR(A12) -> 2022 | C12: =TEXT(A12,"mmmm") -> March | D12: =MONTH(A12) -> 3 | E12: =IF(MONTH(A12)>3, "FY " & YEAR(A12) & "-" & RIGHT(YEAR(A12)+1, 2), "FY " & YEAR(A12)-1 & "-" & RIGHT(YEAR(A12), 2)) -> FY 2021-22 | F12: ="Q" & ROUNDUP(MONTH(A12)/3,0) -> Q1 | G12: =IF(MONTH(A12)>=4, MONTH(A12)-3, MONTH(A12)+9) -> 12
A13: 44621 | B13: =YEAR(A13) -> 2022 | C13: =TEXT(A13,"mmmm") -> March | D13: =MONTH(A13) -> 3 | E13: =IF(MONTH(A13)>3, "FY " & YEAR(A13) & "-" & RIGHT(YEAR(A13)+1, 2), "FY " & YEAR(A13)-1 & "-" & RIGHT(YEAR(A13), 2)) -> FY 2021-22 | F13: ="Q" & ROUNDUP(MONTH(A13)/3,0) -> Q1 | G13: =IF(MONTH(A13)>=4, MONTH(A13)-3, MONTH(A13)+9) -> 12
... A2672: 45901 | B2672: =YEAR(A2672) -> 2025 | C2672: =TEXT(A2672,"mmmm") -> September | D2672: =MONTH(A2672) -> 9 | E2672: =IF(MONTH(A2672)>3, "FY " & YEAR(A2672) & "-" & RIGHT(YEAR(A2672)+1, 2), "FY " & YEAR(A2672)-1 & "-" & RIGHT(YEAR(A2672), 2)) -> FY 2025-26 | F2672: ="Q" & ROUNDUP(MONTH(A2672)/3,0) -> Q3 | G2672: =IF(MONTH(A2672)>=4, MONTH(A2672)-3, MONTH(A2672)+9) -> 6

Sheet Service_Banks
A1: Service type | B1: Total
A2: ATM Onsite | B2: =COUNTIF('BANKWISE COMLETE DETAILS'!$E$2:$E$2672,">0") -> 2071
A3: pos | B3: =COUNTIF('BANKWISE COMLETE DETAILS'!$G$2:$G$2672,">0") -> 1454
A4: micro ATM | B4: =COUNTIF('BANKWISE COMLETE DETAILS'!$H$2:$H$2672,">0") -> 1418
A5: Bharath_QR | B5: =COUNTIF('BANKWISE COMLETE DETAILS'!$I$2:$I$2672,">0") -> 978
A6: UPI_QR | B6: =COUNTIF('BANKWISE COMLETE DETAILS'!$J$2:$J$2672,">0") -> 1668
A7: Credit_Cards Outstanding | B7: =COUNTIF('BANKWISE COMLETE DETAILS'!$K$2:$K$2672,">0") -> 1516
A8: Debit_Cards Outstanding | B8: =COUNTIF('BANKWISE COMLETE DETAILS'!$L$2:$L$2672,">0") -> 2515

Sheet Public Sector Bank
A1: ID | B1: Date | C1: Bank_Category | D1: Bank_Name | E1: ATM's Onsite | F1: ATM's Offsite | G1: POS | H1: Micro_ ATM's | I1: Bharath_QR | J1: Upi_QR | K1: Credit_Cards | L1: Debit_Cards | M1: No of CC at POS | N1: Value of CC at POS | O1: No of CC Online Transaction | P1: CC Online Transaction value | Q1: No of other CC Transactions | R1: Value of other CC Transactions | S1: No of Credit CC Withdrawl | T1: Value of CC_Cash Withdrawl | U1: No of DC at POS | V1: Value of DC at POS | W1: No ofDC Online Transaction | X1: Value of DC Online Transaction | Y1: No of other DC Transactions | Z1: Value of other DC Transactions | AA1: No of DC _Cash Withdrawl_ATM | AB1: Value_ DC _Cash Withdrawl_ATM | AC1: No of DC _Cash Withdrawl_POS | AD1: Value_DC _Cash Withdrawl_POS | AE1: CC_Transaction Total Value | AF1: DC_Transaction Total value | AG1: Comparision of CC and DC Total value
A2: 6 | B2: 44621 | C2: Public Sector Banks | D2: Bank of Baroda | E2: 8757 | F2: 2730 | G2: 27074 | H2: 35517 | I2: 12378 | J2: 650416 | K2: 1103921 | L2: 74522207 | M2: 1165443 | N2: 3686313.4 | O2: 1085014 | P2: 4499567.6 | Q2: 0 | R2: 0 | S2: 21838 | T2: 101121.59 | U2: 8519967 | V2: 15691963 | W2: 4484921 | X2: 7721120.7 | Y2: 0 | Z2: 0 | AA2: 29706035 | AB2: 1.4045763e+08 | AC2: 2163 | AD2: 1929.46 | AE2: 8287002.5 | AF2: 1.6387264e+08 | AG2: DC High
A3: 7 | B3: 44621 | C3: Public Sector Banks | D3: Bank of India | E3: 2507 | F3: 2751 | G3: 45542 | H3: 10834 | I3: 104 | J3: 353824 | K3: 166751 | L3: 44856938 | M3: 154672 | N3: 508947.35 | O3: 122496 | P3: 335866.87 | Q3: 0 | R3: 0 | S3: 10184 | T3: 59089.17 | U3: 5121057 | V3: 8817597.6 | W3: 3213983 | X3: 4057260.8 | Y3: 0 | Z3: 0 | AA3: 18870699 | AB3: 74143941 | AC3: 16653 | AD3: 16314.49 | AE3: 903903.39 | AF3: 87035114 | AG3: DC High
A4: 8 | B4: 44621 | C4: Public Sector Banks | D4: Bank of Maharashtra | E4: 1694 | F4: 434 | G4: 2795 | H4: 0 | I4: 355014 | J4: 433713 | K4: 77677 | L4: 12264810 | M4: 96808 | N4: 407564.18 | O4: 0 | P4: 0 | Q4: 0 | R4: 0 | S4: 1225 | T4: 5727.86 | U4: 2889361 | V4: 4340817.3 | W4: 1131118 | X4: 1477836.4 | Y4: 10610 | Z4: 128268.9 | AA4: 7541893 | AB4: 32295602 | AC4: 0 | AD4: 0 | AE4: 413292.04 | AF4: 38242525 | AG4: DC High
A5: 10 | B5: 44621 | C5: Public Sector Banks | D5: Canara Bank | E5: 8071 | F5: 4139 | G5: 50032 | H5: 8096 | I5: 69 | J5: 1264169 | K5: 927694 | L5: 46459485 | M5: 662053 | N5: 1715137 | O5: 305102 | P5: 965897.95 | Q5: 0 | R5: 0 | S5: 56673 | T5: 284861.14 | U5: 10233195 | V5: 19323217 | W5: 4791270 | X5: 7906774.6 | Y5: 5255 | Z5: 85017.56 | AA5: 32586175 | AB5: 1.4880952e+08 | AC5: 2798 | AD5: 2467.67 | AE5: 2965896.1 | AF5: 1.7612699e+08 | AG5: DC High
A6: 13 | B6: 44621 | C6: Public Sector Banks | D6: Central Bank of India | E6: 2389 | F6: 587 | G6: 3957 | H6: 8015 | I6: 7543 | J6: 175363 | K6: 0 | L6: 30197222 | M6: 0 | N6: 0 | O6: 0 | P6: 0 | Q6: 0 | R6: 0 | S6: 0 | T6: 0 | U6: 2618263 | V6: 5511293.5 | W6: 486339 | X6: 946614.01 | Y6: 0 | Z6: 0 | AA6: 9716712 | AB6: 43780949 | AC6: 9887 | AD6: 9946.03 | AE6: 0 | AF6: 50248803 | AG6: DC High
A7: 31 | B7: 44621 | C7: Public Sector Banks | D7: Indian Bank | E7: 4299 | F7: 626 | G7: 14981 | H7: 9322 | I7: 0 | J7: 356603 | K7: 154342 | L7: 26961021 | M7: 129022 | N7: 378092.66 | O7: 73904 | P7: 237320.61 | Q7: 0 | R7: 0 | S7: 3511 | T7: 22363.77 | U7: 6087414 | V7: 10556404 | W7: 3068094 | X7: 4255370.5 | Y7: 6422 | Z7: 102363.19 | AA7: 21419031 | AB7: 99716222 | AC7: 32990 | AD7: 32410.1 | AE7: 637777.04 | AF7: 1.1466277e+08 | AG7: DC High
A8: 32 | B8: 44621 | C8: Public Sector Banks | D8: Indian Overseas Bank | E8: 2742 | F8: 613 | G8: 0 | H8: 0 | I8: 0 | J8: 81152 | K8: 74083 | L8: 20508718 | M8: 59749 | N8: 142499.79 | O8: 26426 | P8: 63550.33 | Q8: 0 | R8: 0 | S8: 867 | T8: 4013.25 | U8: 3664568 | V8: 6294023.6 | W8: 1386870 | X8: 2078848.1 | Y8: 0 | Z8: 0 | AA8: 15137144 | AB8: 64870005 | AC8: 0 | AD8: 0 | AE8: 210063.37 | AF8: 73242877 | AG8: DC High
A9: 43 | B9: 44621 | C9: Public Sector Banks | D9: Punjab & Sind Bank | E9: 657 | F9: 19 | G9: 1091 | H9: 357 | I9: 1159 | J9: 8053 | K9: 0 | L9: 3546410 | M9: 0 | N9: 0 | O9: 0 | P9: 0 | Q9: 0 | R9: 0 | S9: 0 | T9: 0 | U9: 591821 | V9: 1291990.7 | W9: 386245 | X9: 785117.66 | Y9: 0 | Z9: 0 | AA9: 1689903 | AB9: 7692797.8 | AC9: 0 | AD9: 0 | AE9: 0 | AF9: 9769906.2 | AG9: DC High
A10: 44 | B10: 44621 | C10: Public Sector Banks | D10: Punjab National Bank | E10: 8211 | F10: 5143 | G10: 49833 | H10: 11265 | I10: 564726 | J10: 56411 | K10: 327893 | L10: 45957631 | M10: 443277 | N10: 1296879.2 | O10: 180344 | P10: 576375.14 | Q10: 0 | R10: 0 | S10: 3401 | T10: 11026.03 | U10: 9324599 | V10: 18895014 | W10: 5918799 | X10: 8948889.4 | Y10: 0 | Z10: 0 | AA10: 31840380 | AB10: 1.5608157e+08 | AC10: 0 | AD10: 0 | AE10: 1884280.4 | AF10: 1.8392547e+08 | AG10: DC High
A11: 49 | B11: 44621 | C11: Public Sector Banks | D11: State Bank of India | E11: 26189 | F11: 39350 | G11: 924374 | H11: 49913 | I11: 472784 | J11: 1558576 | K11: 13766861 | L11: 275922932 | M11: 22282182 | N11: 67147844 | O11: 20617840 | P11: 1.370341e+08 | Q11: 0 | R11: 0 | S11: 92610 | T11: 340033.62 | U11: 59661111 | V11: 1.1441209e+08 | W11: 33511927 | X11: 54276184 | Y11: 2552 | Z11: 28000.14 | AA11: 194459535 | AB11: 9.6970516e+08 | AC11: 83123 | AD11: 77101.65 | AE11: 2.0452198e+08 | AF11: 1.1384985e+09 | AG11: DC High
A12: 52 | B12: 44621 | C12: Public Sector Banks | D12: UCO Bank | E12: 2095 | F12: 222 | G12: 11223 | H12: 3568 | I12: 1830 | J12: 354332 | K12: 0 | L12: 11300018 | M12: 0 | N12: 0 | O12: 0 | P12: 0 | Q12: 0 | R12: 0 | S12: 0 | T12: 0 | U12: 1838490 | V12: 3647945.5 | W12: 1283322 | X12: 1931029.2 | Y12: 798 | Z12: 12973.65 | AA12: 7004324 | AB12: 30931578 | AC12: 2179 | AD12: 2007.68 | AE12: 0 | AF12: 36525534 | AG12: DC High
A13: 54 | B13: 44621 | C13: Public Sector Banks | D13: Union Bank of India | E13: 8042 | F13: 3190 | G13: 197533 | H13: 8049 | I13: 5591 | J13: 220221 | K13: 538325 | L13: 47932253 | M13: 438865 | N13: 1307558.9 | O13: 282726 | P13: 950075.4 | Q13: 0 | R13: 0 | S13: 3485 | T13: 19392.71 | U13: 10753368 | V13: 18087631 | W13: 7606876 | X13: 10848267 | Y13: 2319 | Z13: 8568.96 | AA13: 49725391 | AB13: 1.5087068e+08 | AC13: 13354 | AD13: 13311.76 | AE13: 2277027 | AF13: 1.7982846e+08 | AG13: DC High
... A517: 2666 | B517: 45901 | C517: Public Sector Banks | D517: Union Bank of India | E517: 7866 | F517: 1196 | G517: 53428 | H517: 8059 | I517: 369473 | J517: 291785 | K517: 475427 | L517: 57201215 | M517: 480574 | N517: 2101137.7 | O517: 1799229 | P517: 3210082.1 | Q517: 0 | R517: 0 | S517: 8731 | T517: 37968.58 | U517: 3588891 | V517: 8505983.9 | W517: 908024 | X517: 2442384.9 | Y517: 2150 | Z517: 8722.95 | AA517: 40386186 | AB517: 1.1880931e+08 | AC517: 11 | AD517: 2.2 | AE517: 5349188.4 | AF517: 1.297664e+08 | AG517: DC High

Sheet Private Sector Banks
A1: ID | B1: Date | C1: Bank_Category | D1: Bank_Name | E1: ATM's Onsite | F1: ATM's Offsite | G1: POS | H1: Micro_ ATM's | I1: Bharath_QR | J1: Upi_QR | K1: Credit_Cards | L1: Debit_Cards | M1: No of CC at POS | N1: Value of CC at POS | O1: No of CC Online Transaction | P1: CC Online Transaction value | Q1: No of other CC Transactions | R1: Value of other CC Transactions | S1: No of Credit CC Withdrawl | T1: Value of CC_Cash Withdrawl | U1: No of DC at POS | V1: Value of DC at POS | W1: No ofDC Online Transaction | X1: Value of DC Online Transaction | Y1: No of other DC Transactions | Z1: Value of other DC Transactions | AA1: No of DC _Cash Withdrawl_ATM | AB1: Value_ DC _Cash Withdrawl_ATM | AC1: No of DC _Cash Withdrawl_POS | AD1: Value_DC _Cash Withdrawl_POS | AE1: CC_Transaction Total Value | AF1: DC_Transaction Total value | AG1: Comparision of CC and DC Total value
A2: 3 | B2: 44621 | C2: Private Sector Banks | D2: Axis Bank | E2: 5748 | F2: 11174 | G2: 1010244 | H2: 710 | I2: 347644 | J2: 36594577 | K2: 9034829 | L2: 27747647 | M2: 13841270 | N2: 41222880 | O2: 9407975 | P2: 52642163 | Q2: 0 | R2: 0 | S2: 45631 | T2: 185105.56 | U2: 12387481 | V2: 27686319 | W2: 6319140 | X2: 18441050 | Y2: 26208 | Z2: 658186.04 | AA2: 22320612 | AB2: 137931664 | AC2: 0 | AD2: 0 | AE2: 94050149 | AF2: 1.8471722e+08 | AG2: DC High
A3: 4 | B3: 44621 | C3: Private Sector Banks | D3: Bandhan Bank | E3: 466 | F3: 5 | G3: 36339 | H3: 0 | I3: 0 | J3: 0 | K3: 0 | L3: 4966096 | M3: 0 | N3: 0 | O3: 0 | P3: 0 | Q3: 0 | R3: 0 | S3: 0 | T3: 0 | U3: 592668 | V3: 1405190 | W3: 394699 | X3: 918313 | Y3: 0 | Z3: 0 | AA3: 2658287 | AB3: 14003767 | AC3: 27811 | AD3: 27834 | AE3: 0 | AF3: 16355104 | AG3: DC High
A4: 12 | B4: 44621 | C4: Private Sector Banks | D4: Catholic Syrian Bank | E4: 1110 | F4: 622 | G4: 0 | H4: 1067 | I4: 3835 | J4: 0 | K4: 0 | L4: 804171 | M4: 0 | N4: 0 | O4: 0 | P4: 0 | Q4: 0 | R4: 0 | S4: 0 | T4: 0 | U4: 248523 | V4: 408223.75 | W4: 59475 | X4: 105540.05 | Y4: 8 | Z4: 24.36 | AA4: 498802 | AB4: 2370432.9 | AC4: 42 | AD4: 28.23 | AE4: 0 | AF4: 2884249.3 | AG4: DC High
A5: 15 | B5: 44621 | C5: Private Sector Banks | D5: City Union Bank | E5: 407 | F5: 52 | G5: 7927 | H5: 20366 | I5: 0 | J5: 29912 | K5: 1834 | L5: 2579284 | M5: 1494 | N5: 4334.4 | O5: 433 | P5: 1626.48 | Q5: 0 | R5: 0 | S5: 8 | T5: 18 | U5: 952999 | V5: 1687005.1 | W5: 257331 | X5: 409040.23 | Y5: 0 | Z5: 0 | AA5: 2757082 | AB5: 14527321 | AC5: 0 | AD5: 0 | AE5: 5978.88 | AF5: 16623366 | AG5: DC High
A6: 17 | B6: 44621 | C6: Private Sector Banks | D6: DCB Bank | E6: 341 | F6: 8 | G6: 8980 | H6: 0 | I6: 4944 | J6: 0 | K6: 3778 | L6: 854723 | M6: 6334 | N6: 13941.52 | O6: 3939 | P6: 14687.33 | Q6: 0 | R6: 0 | S6: 205 | T6: 1475.94 | U6: 273325 | V6: 506682.38 | W6: 98394 | X6: 349894.14 | Y6: 703 | Z6: 25257.51 | AA6: 331189 | AB6: 1951474.8 | AC6: 0 | AD6: 0 | AE6: 30104.79 | AF6: 2833308.8 | AG6: DC High
A7: 19 | B7: 44621 | C7: Private Sector Banks | D7: Dhanlaxmi Bank | E7: 214 | F7: 44 | G7: 1472 | H7: 0 | I7: 0 | J7: 18530 | K7: 7134 | L7: 503775 | M7: 16955 | N7: 34979.61 | O7: 6809 | P7: 18950.62 | Q7: 7 | R7: 33.83 | S7: 120 | T7: 437.69 | U7: 246496 | V7: 393789.86 | W7: 63706 | X7: 105083.91 | Y7: 0 | Z7: 0 | AA7: 464152 | AB7: 2044583.1 | AC7: 0 | AD7: 0 | AE7: 54401.75 | AF7: 2543456.8 | AG7: DC High
A8: 22 | B8: 44621 | C8: Private Sector Banks | D8: Federal Bank | E8: 1505 | F8: 380 | G8: 16569 | H8: 0 | I8: 105113 | J8: 3077952 | K8: 134841 | L8: 11129386 | M8: 280863 | N8: 936308.87 | O8: 381977 | P8: 1532227.5 | Q8: 0 | R8: 0 | S8: 1771 | T8: 9438.67 | U8: 5243651 | V8: 8564523.9 | W8: 2268479 | X8: 4444411 | Y8: 1903 | Z8: 19257.84 | AA8: 9289376 | AB8: 45815354 | AC8: 297 | AD8: 238.25 | AE8: 2477975 | AF8: 58843785 | AG8: DC High
A9: 25 | B9: 44621 | C9: Private Sector Banks | D9: HDFC Bank | E9: 8703 | F9: 9427 | G9: 1071935 | H9: 3324 | I9: 1244660 | J9: 0 | K9: 16536735 | L9: 43041155 | M9: 29331886 | N9: 1.0854418e+08 | O9: 27983613 | P9: 176400101 | Q9: 0 | R9: 0 | S9: 137659 | T9: 854422.64 | U9: 23236053 | V9: 52195451 | W9: 16237685 | X9: 40119274 | Y9: 600176 | Z9: 4278794.7 | AA9: 40385394 | AB9: 2.4297685e+08 | AC9: 27684 | AD9: 27694.29 | AE9: 2.8579871e+08 | AF9: 3.3959806e+08 | AG9: DC High
A10: 27 | B10: 44621 | C10: Private Sector Banks | D10: ICICI Bank | E10: 8402 | F10: 8175 | G10: 944320 | H10: 3693 | I10: 514398 | J10: 3100255 | K10: 12978825 | L10: 36655920 | M10: 19424563 | N10: 69564135 | O10: 23318694 | P10: 137741763 | Q10: 0 | R10: 0 | S10: 48760 | T10: 229472.31 | U10: 17199869 | V10: 40590934 | W10: 7575836 | X10: 24577625 | Y10: 26071 | Z10: 255784.45 | AA10: 24390197 | AB10: 1.5403078e+08 | AC10: 91 | AD10: 58.77 | AE10: 2.0753537e+08 | AF10: 2.1945519e+08 | AG10: DC High
A11: 28 | B11: 44621 | C11: Private Sector Banks | D11: IDBI Bank | E11: 2221 | F11: 1182 | G11: 25385 | H11: 224 | I11: 4738 | J11: 200147 | K11: 41509 | L11: 13042334 | M11: 68252 | N11: 197503.87 | O11: 51093 | P11: 177028.42 | Q11: 0 | R11: 0 | S11: 451 | T11: 2447.23 | U11: 2902263 | V11: 5362691.4 | W11: 1050806 | X11: 1956517.4 | Y11: 0 | Z11: 0 | AA11: 7354059 | AB11: 36485373 | AC11: 532 | AD11: 529.15 | AE11: 376979.52 | AF11: 43805111 | AG11: DC High
A12: 29 | B12: 44621 | C12: Private Sector Banks | D12: IDFC First Bank | E12: 505 | F12: 214 | G12: 26560 | H12: 11522 | I12: 0 | J12: 38079 | K12: 799219 | L12: 4076204 | M12: 1367730 | N12: 4899089.8 | O12: 1325904 | P12: 7584241 | Q12: 0 | R12: 0 | S12: 11799 | T12: 43601.4 | U12: 1414101 | V12: 2015650.3 | W12: 508390 | X12: 1428377.4 | Y12: 0 | Z12: 0 | AA12: 3103785 | AB12: 12878265 | AC12: 0 | AD12: 0 | AE12: 12526932 | AF12: 16322293 | AG12: DC High
A13: 33 | B13: 44621 | C13: Private Sector Banks | D13: IndusInd Bank | E13: 1492 | F13: 1275 | G13: 220160 | H13: 164 | I13: 35908 | J13: 68715 | K13: 1880393 | L13: 6910699 | M13: 2254748 | N13: 10802314 | O13: 2542328 | P13: 45782776 | Q13: 0 | R13: 0 | S13: 18246 | T13: 92623.22 | U13: 1758336 | V13: 3496811.5 | W13: 1170562 | X13: 3541165 | Y13: 1017 | Z13: 83630.76 | AA13: 5623319 | AB13: 27508948 | AC13: 0 | AD13: 0 | AE13: 56677714 | AF13: 34630555 | AG13: CC High
... A157: 445 | B157: 44835 | C157: Private Sector Banks | D157: Kotak Mahindra Bank | E157: 1471 | F157: 1330 | G157: 67575 | H157: 6657 | I157: 34943 | J157: 337033 | K157: 4519524 | L157: 26089134 | M157: 5064512 | N157: 17255089 | O157: 3813782 | P157: 24305707 | Q157: 0 | R157: 0 | S157: 43631 | T157: 163206.5 | U157: 5015030 | V157: 10395548 | W157: 3381103 | X157: 7846138.2 | Y157: 0 | Z157: 0 | AA157: 11540250 | AB157: 53057630 | AC157: 0 | AD157: 0 | AE157: 41724002 | AF157: 71299317 | AG157: DC High
A158: 447 | B158: 44835 | C158: Private Sector Banks | D158: Nainital Bank | G158: 0 | H158: 0 | I158: 0 | J158: 0 | K158: 0 | L158: 192504 | M158: 0 | N158: 0 | O158: 0 | P158: 0 | Q158: 0 | R158: 0 | S158: 0 | T158: 0 | U158: 32159 | V158: 59659.8 | W158: 18674 | X158: 38577.2 | Y158: 0 | Z158: 0 | AA158: 102865 | AB158: 477455.23 | AC158: 37 | AD158: 19.8 | AE158: 0 | AF158: 575712.03 | AG158: DC High
A159: 452 | B159: 44835 | C159: Private Sector Banks | D159: RBL Bank | E159: 373 | F159: 40 | G159: 888964 | H159: 0 | I159: 47297 | J159: 70400 | K159: 4166704 | L159: 1484226 | M159: 7389527 | N159: 29149402 | O159: 3217291 | P159: 25252033 | Q159: 0 | R159: 0 | S159: 40886 | T159: 136326.37 | U159: 323775 | V159: 751689.7 | W159: 128924 | X159: 441068.55 | Y159: 140 | Z159: 5427.8 | AA159: 686124 | AB159: 3418659.8 | AC159: 0 | AD159: 0 | AE159: 54537762 | AF159: 4616845.9 | AG159: CC High
A160: 455 | B160: 44835 | C160: Private Sector Banks | D160: South Indian Bank | E160: 856 | F160: 418 | G160: 13467 | H160: 0 | I160: 5681 | J160: 64275 | K160: 155095 | L160: 3569346 | M160: 411851 | N160: 1378042.3 | O160: 372318 | P160: 2350325 | Q160: 0 | R160: 0 | S160: 0 | T160: 0 | U160: 1805959 | V160: 3309767.3 | W160: 339915 | X160: 901760.93 | Y160: 0 | Z160: 0 | AA160: 3177569 | AB160: 14187834 | AC160: 0 | AD160: 0 | AE160: 3728367.3 | AF160: 18399362 | AG160: DC High
A161: 459 | B161: 44835 | C161: Private Sector Banks | D161: Tamilnad Mercantile Bank | E161: 482 | F161: 667 | G161: 4560 | H161: 0 | I161: 0 | J161: 0 | K161: 40906 | L161: 2135215 | M161: 56179 | N161: 244118.69 | O161: 21197 | P161: 107040.96 | Q161: 0 | R161: 0 | S161: 2221 | T161: 8881.2 | U161: 559926 | V161: 1278185.2 | W161: 99185 | X161: 190753.54 | Y161: 143 | Z161: 369.31 | AA161: 5375814 | AB161: 22909000 | AC161: 0 | AD161: 0 | AE161: 360040.85 | AF161: 24378308 | AG161: DC High
A162: 465 | B162: 44835 | C162: Private Sector Banks | D162: Yes Bank | E162: 1069 | F162: 186 | G162: 59563 | H162: 90252 | I162: 334834 | J162: 127382010 | K162: 1327942 | L162: 3979824 | M162: 2046294 | N162: 6629048.9 | O162: 879132 | P162: 6898359.7 | Q162: 0 | R162: 0 | S162: 18466 | T162: 80469.95 | U162: 1315505 | V162: 2902241 | W162: 589752 | X162: 1564936.5 | Y162: 51 | Z162: 819.64 | AA162: 2917520 | AB162: 13954442 | AC162: 693 | AD162: 692.9 | AE162: 13607878 | AF162: 18423132 | AG162: DC High
A163: 469 | B163: 44866 | C163: Private Sector Banks | D163: Axis Bank | E163: 5761 | F163: 10097 | G163: 1315288 | H163: 847 | I163: 529854 | J163: 48205705 | K163: 9294011 | L163: 28716921 | M163: 17477667 | N163: 53921066 | O163: 11708221 | P163: 50384644 | Q163: 0 | R163: 0 | S163: 63664 | T163: 249091.75 | U163: 9592907 | V163: 22383618 | W163: 4133071 | X163: 12728599 | Y163: 18670 | Z163: 459282.69 | AA163: 20912950 | AB163: 1.2395396e+08 | AC163: 0 | AD163: 0 | AE163: 1.045548e+08 | AF163: 1.5952545e+08 | AG163: DC High
A164: 470 | B164: 44866 | C164: Private Sector Banks | D164: Bandhan Bank | E164: 428 | F164: 5 | G164: 37245 | H164: 0 | I164: 0 | J164: 0 | K164: 0 | L164: 5288593 | M164: 0 | N164: 0 | O164: 0 | P164: 0 | Q164: 0 | R164: 0 | S164: 0 | T164: 0 | U164: 485765 | V164: 1161011.4 | W164: 230431 | X164: 630969.42 | Y164: 0 | Z164: 0 | AA164: 2514793 | AB164: 12884540 | AC164: 27782 | AD164: 28002.22 | AE164: 0 | AF164: 14704523 | AG164: DC High
A165: 476 | B165: 44866 | C165: Private Sector Banks | D165: CSB Bank | E165: 457 | F165: 53 | G165: 0 | H165: 1188 | I165: 5541 | J165: 0 | K165: 0 | L165: 854222 | M165: 0 | N165: 0 | O165: 0 | P165: 0 | Q165: 0 | R165: 0 | S165: 0 | T165: 0 | U165: 231125 | V165: 392185.54 | W165: 34067 | X165: 68857.44 | Y165: 12 | Z165: 120 | AA165: 792782 | AB165: 2947232.2 | AC165: 17 | AD165: 15.26 | AE165: 0 | AF165: 3408410.4 | AG165: DC High
A166: 481 | B166: 44866 | C166: Private Sector Banks | D166: City Union Bank | E166: 1108 | F166: 568 | G166: 7050 | H166: 29521 | I166: 0 | J166: 43655 | K166: 1942 | L166: 2673773 | M166: 1678 | N166: 3411.06 | O166: 451 | P166: 1819.71 | Q166: 0 | R166: 0 | S166: 8 | T166: 23.5 | U166: 776889 | V166: 1488179.1 | W166: 128671 | X166: 269982.93 | Y166: 0 | Z166: 0 | AA166: 2566297 | AB166: 13122310 | AC166: 0 | AD166: 0 | AE166: 5254.27 | AF166: 14880472 | AG166: DC High
A167: 483 | B167: 44866 | C167: Private Sector Banks | D167: DCB Bank | E167: 375 | F167: 8 | G167: 8839 | H167: 0 | I167: 6719 | J167: 0 | K167: 0 | L167: 941387 | M167: 0 | N167: 0 | O167: 0 | P167: 0 | Q167: 0 | R167: 0 | S167: 0 | T167: 0 | U167: 145602 | V167: 340709.73 | W167: 31462 | X167: 125894.66 | Y167: 373 | Z167: 11413.81 | AA167: 275551 | AB167: 1517058 | AC167: 0 | AD167: 0 | AE167: 0 | AF167: 1995076.2 | AG167: DC High
A168: 485 | B168: 44866 | C168: Private Sector Banks | D168: Dhanlaxmi Bank | E168: 222 | F168: 42 | G168: 1457 | H168: 0 | I168: 0 | J168: 25223 | K168: 8434 | L168: 525552 | M168: 20316 | N168: 40638.94 | O168: 5548 | P168: 18149.69 | Q168: 0 | R168: 0 | S168: 154 | T168: 493.3 | U168: 241858 | V168: 373185.9 | W168: 23485 | X168: 55678.5 | Y168: 0 | Z168: 0 | AA168: 462412 | AB168: 1988713.4 | AC168: 0 | AD168: 0 | AE168: 59281.93 | AF168: 2417577.9 | AG168: DC High
A169: 488 | B169: 44866 | C169: Private Sector Banks | D169: Federal Bank | E169: 1535 | F169: 351 | G169: 16406 | H169: 0 | I169: 80792 | J169: 3780983 | K169: 407760 | L169: 12575237 | M169: 835580 | N169: 2623851.9 | O169: 853081 | P169: 4808479.9 | Q169: 0 | R169: 0 | S169: 3513 | T169: 15054 | U169: 4886063 | V169: 8414520.8 | W169: 1709588 | X169: 4412955.9 | Y169: 2361 | Z169: 28830.35 | AA169: 8895741 | AB169: 42717015 | AC169: 227 | AD169: 198.23 | AE169: 7447385.8 | AF169: 55573520 | AG169: DC High
A170: 491 | B170: 44866 | C170: Private Sector Banks | D170: HDFC Bank | E170: 9366 | F170: 9530 | G170: 1516998 | H170: 4232 | I170: 1528839 | J170: 0 | K170: 16782602 | L170: 48725677 | M170: 31012334 | N170: 1.2150015e+08 | O170: 27100862 | P170: 2.0499802e+08 | Q170: 0 | R170: 0 | S170: 195216 | T170: 1128407.1 | U170: 21235564 | V170: 53001141 | W170: 13971203 | X170: 38589577 | Y170: 117767 | Z170: 1849620.8 | AA170: 39673982 | AB170: 2.3779817e+08 | AC170: 55852 | AD170: 55919.01 | AE170: 3.2762658e+08 | AF170: 3.3129443e+08 | AG170: DC High
... A178: 505 | B178: 44866 | C178: Private Sector Banks | D178: Kotak Mahindra Bank | E178: 1471 | F178: 1330 | G178: 69993 | H178: 6762 | I178: 42107 | J178: 354132 | K178: 4597686 | L178: 26514365 | M178: 4773570 | N178: 15021328 | O178: 3656661 | P178: 22481454 | Q178: 0 | R178: 0 | S178: 46473 | T178: 164141.95 | U178: 4148561 | V178: 7828807.2 | W178: 2951836 | X178: 6695356 | Y178: 0 | Z178: 0 | AA178: 10359897 | AB178: 47537324 | AC178: 0 | AD178: 0 | AE178: 37666923 | AF178: 62061487 | AG178: DC High
A179: 507 | B179: 44866 | C179: Private Sector Banks | D179: Nainital Bank | G179: 0 | H179: 0 | I179: 0 | J179: 0 | K179: 0 | L179: 195401 | M179: 0 | N179: 0 | O179: 0 | P179: 0 | Q179: 0 | R179: 0 | S179: 0 | T179: 0 | U179: 29487 | V179: 54216.44 | W179: 16603 | X179: 33234.85 | Y179: 0 | Z179: 0 | AA179: 92976 | AB179: 428257.23 | AC179: 27 | AD179: 11.7 | AE179: 0 | AF179: 515720.22 | AG179: DC High
A180: 512 | B180: 44866 | C180: Private Sector Banks | D180: RBL Bank | E180: 373 | F180: 40 | G180: 897075 | H180: 0 | I180: 47333 | J180: 72005 | K180: 4230404 | L180: 1512891 | M180: 6804218 | N180: 26533498 | O180: 2983772 | P180: 23407564 | Q180: 0 | R180: 0 | S180: 42534 | T180: 136334.41 | U180: 276063 | V180: 593186.17 | W180: 121881 | X180: 441191.04 | Y180: 106 | Z180: 3591.73 | AA180: 616441 | AB180: 3072461.5 | AC180: 0 | AD180: 0 | AE180: 50077397 | AF180: 4110430.4 | AG180: CC High
A181: 515 | B181: 44866 | C181: Private Sector Banks | D181: South Indian Bank | E181: 856 | F181: 418 | G181: 13759 | H181: 0 | I181: 6086 | J181: 65348 | K181: 169154 | L181: 3600077 | M181: 403676 | N181: 1285959.5 | O181: 381813 | P181: 2532363.2 | Q181: 0 | R181: 0 | S181: 0 | T181: 0 | U181: 1659353 | V181: 2992962.9 | W181: 301406 | X181: 821144.5 | Y181: 0 | Z181: 0 | AA181: 3063923 | AB181: 13671496 | AC181: 0 | AD181: 0 | AE181: 3818322.7 | AF181: 17485603 | AG181: DC High
A182: 519 | B182: 44866 | C182: Private Sector Banks | D182: Tamilnad Mercantile Bank | E182: 482 | F182: 667 | G182: 4662 | H182: 0 | I182: 0 | J182: 0 | K182: 40992 | L182: 2150529 | M182: 57427 | N182: 243277.91 | O182: 21169 | P182: 106915.35 | Q182: 0 | R182: 0 | S182: 2323 | T182: 9314.8 | U182: 429367 | V182: 892372.07 | W182: 99435 | X182: 195653.63 | Y182: 97 | Z182: 281.5 | AA182: 4943348 | AB182: 20394752 | AC182: 0 | AD182: 0 | AE182: 359508.06 | AF182: 21483060 | AG182: DC High
A183: 526 | B183: 44866 | C183: Private Sector Banks | D183: Yes Bank | E183: 1069 | F183: 186 | G183: 60986 | H183: 91482 | I183: 342577 | J183: 130186487 | K183: 1361789 | L183: 4075864 | M183: 1908458 | N183: 6097833.7 | O183: 845235 | P183: 6790707.7 | Q183: 0 | R183: 0 | S183: 19314 | T183: 86113.2 | U183: 1129361 | V183: 2325716.7 | W183: 523061 | X183: 1442814.7 | Y183: 56 | Z183: 942.65 | AA183: 2698249 | AB183: 12676077 | AC183: 749 | AD183: 744.45 | AE183: 12974655 | AF183: 16446295 | AG183: DC High
A184: 530 | B184: 44896 | C184: Private Sector Banks | D184: Axis Bank | E184: 5791 | F184: 9851 | G184: 1347823 | H184: 847 | I184: 544192 | J184: 51048928 | K184: 9443017 | L184: 28759959 | M184: 19157977 | N184: 59109720 | O184: 12568657 | P184: 54408027 | Q184: 0 | R184: 0 | S184: 65696 | T184: 264625.38 | U184: 10065773 | V184: 23897863 | W184: 4140972 | X184: 13352164 | Y184: 19125 | Z184: 473137.47 | AA184: 21269839 | AB184: 131229103 | AC184: 0 | AD184: 0 | AE184: 1.1378237e+08 | AF184: 1.6895227e+08 | AG184: DC High
A185: 531 | B185: 44896 | C185: Private Sector Banks | D185: Bandhan Bank | E185: 407 | F185: 5 | G185: 37746 | H185: 0 | I185: 0 | J185: 0 | K185: 0 | L185: 5267927 | M185: 0 | N185: 0 | O185: 0 | P185: 0 | Q185: 0 | R185: 0 | S185: 0 | T185: 0 | U185: 488987 | V185: 1187265.4 | W185: 225143 | X185: 650015.78 | Y185: 0 | Z185: 0 | AA185: 2591262 | AB185: 13344636 | AC185: 29060 | AD185: 28675.47 | AE185: 0 | AF185: 15210592 | AG185: DC High
A186: 537 | B186: 44896 | C186: Private Sector Banks | D186: CSB Bank | E186: 459 | F186: 53 | G186: 0 | H186: 1187 | I186: 5665 | J186: 0 | K186: 158 | L186: 864160 | M186: 151 | N186: 173.12 | O186: 67 | P186: 80.1 | Q186: 0 | R186: 0 | S186: 0 | T186: 0 | U186: 263950 | V186: 474334.24 | W186: 33701 | X186: 70480.06 | Y186: 16 | Z186: 126 | AA186: 541028 | AB186: 2506557.1 | AC186: 21 | AD186: 13.1 | AE186: 253.22 | AF186: 3051510.6 | AG186: DC High
A187: 542 | B187: 44896 | C187: Private Sector Banks | D187: City Union Bank | E187: 1115 | F187: 564 | G187: 7046 | H187: 30882 | I187: 0 | J187: 42205 | K187: 2588 | L187: 2699516 | M187: 2494 | N187: 5197.84 | O187: 722 | P187: 2568.77 | Q187: 0 | R187: 0 | S187: 4 | T187: 11 | U187: 817302 | V187: 1617601.5 | W187: 132261 | X187: 278496.97 | Y187: 0 | Z187: 0 | AA187: 2727528 | AB187: 14015663 | AC187: 0 | AD187: 0 | AE187: 7777.61 | AF187: 15911761 | AG187: DC High
A188: 544 | B188: 44896 | C188: Private Sector Banks | D188: DCB Bank | E188: 378 | F188: 7 | G188: 8785 | H188: 0 | I188: 6850 | J188: 0 | K188: 0 | L188: 947232 | M188: 0 | N188: 0 | O188: 0 | P188: 0 | Q188: 0 | R188: 0 | S188: 0 | T188: 0 | U188: 151617 | V188: 381351.94 | W188: 31456 | X188: 133113.52 | Y188: 399 | Z188: 13751.43 | AA188: 282705 | AB188: 1586500.8 | AC188: 0 | AD188: 0 | AE188: 0 | AF188: 2114717.7 | AG188: DC High
A189: 546 | B189: 44896 | C189: Private Sector Banks | D189: Dhanlaxmi Bank | E189: 223 | F189: 42 | G189: 1477 | H189: 0 | I189: 0 | J189: 25960 | K189: 8635 | L189: 531589 | M189: 21732 | N189: 45305.17 | O189: 5655 | P189: 17605.28 | Q189: 16 | R189: 43.74 | S189: 167 | T189: 503.4 | U189: 260770 | V189: 415755.68 | W189: 22946 | X189: 57938.67 | Y189: 0 | Z189: 0 | AA189: 490695 | AB189: 2088290.1 | AC189: 0 | AD189: 0 | AE189: 63457.59 | AF189: 2561984.5 | AG189: DC High
A190: 549 | B190: 44896 | C190: Private Sector Banks | D190: Federal Bank | E190: 1544 | F190: 350 | G190: 17976 | H190: 0 | I190: 72715 | J190: 3835840 | K190: 452399 | L190: 12017050 | M190: 1038034 | N190: 3227897.4 | O190: 1048993 | P190: 5708597.3 | Q190: 0 | R190: 0 | S190: 3842 | T190: 16586.4 | U190: 5023881 | V190: 8845614.1 | W190: 1655256 | X190: 4099394 | Y190: 2420 | Z190: 29777.28 | AA190: 9390056 | AB190: 45594552 | AC190: 249 | AD190: 202.74 | AE190: 8953081.1 | AF190: 58569541 | AG190: DC High
A191: 552 | B191: 44896 | C191: Private Sector Banks | D191: HDFC Bank | E191: 9588 | F191: 9419 | G191: 1534885 | H191: 4232 | I191: 1613210 | J191: 0 | K191: 17012255 | L191: 49483219 | M191: 33907416 | N191: 1.3290951e+08 | O191: 28833974 | P191: 2.2403983e+08 | Q191: 0 | R191: 0 | S191: 210731 | T191: 1213154.9 | U191: 23232593 | V191: 58813083 | W191: 14459196 | X191: 42118561 | Y191: 120364 | Z191: 1865223.8 | AA191: 42230916 | AB191: 253574653 | AC191: 60083 | AD191: 60181.7 | AE191: 3.5816249e+08 | AF191: 3.564317e+08 | AG191: CC High
... A897: 2670 | B897: 45901 | C897: Private Sector Banks | D897: Yes Bank | E897: 1188 | F897: 128 | G897: 100668 | H897: 78109 | I897: 115378 | J897: 546106442 | K897: 2652060 | L897: 5372971 | M897: 11830004 | N897: 19912278 | O897: 1344484 | P897: 15689701 | Q897: 0 | R897: 0 | S897: 8887 | T897: 46485.6 | U897: 382411 | V897: 1225136.8 | W897: 116553 | X897: 777696.7 | Y897: 21 | Z897: 256.75 | AA897: 1663845 | AB897: 9965341.7 | AC897: 0 | AD897: 0 | AE897: 35648464 | AF897: 11968432 | AG897: CC High

Sheet Foreign Banks
A1: ID | B1: Date | C1: Bank_Category | D1: Bank_Name | E1: ATM's Onsite | F1: ATM's Offsite | G1: POS | H1: Micro_ ATM's | I1: Bharath_QR | J1: Upi_QR | K1: Credit_Cards | L1: Debit_Cards | M1: No of CC at POS | N1: Value of CC at POS | O1: No of CC Online Transaction | P1: CC Online Transaction value | Q1: No of other CC Transactions | R1: Value of other CC Transactions | S1: No of Credit CC Withdrawl | T1: Value of CC_Cash Withdrawl | U1: No of DC at POS | V1: Value of DC at POS | W1: No ofDC Online Transaction | X1: Value of DC Online Transaction | Y1: No of other DC Transactions | Z1: Value of other DC Transactions | AA1: No of DC _Cash Withdrawl_ATM | AB1: Value_ DC _Cash Withdrawl_ATM | AC1: No of DC _Cash Withdrawl_POS | AD1: Value_DC _Cash Withdrawl_POS | AE1: CC_Transaction Total Value | AF1: DC_Transaction Total value | AG1: Comparision of CC and DC Total value
A2: 2 | B2: 44621 | C2: Foreign Banks | D2: American Express | E2: 0 | F2: 0 | G2: 45455 | H2: 0 | I2: 0 | J2: 0 | K2: 1383221 | L2: 0 | M2: 1018513 | N2: 7369321.3 | O2: 3595970 | P2: 25400772 | Q2: 0 | R2: 0 | S2: 0 | T2: 0 | U2: 0 | V2: 0 | W2: 0 | X2: 0 | Y2: 0 | Z2: 0 | AA2: 0 | AB2: 0 | AC2: 0 | AD2: 0 | AE2: 32770093 | AF2: 0 | AG2: CC High
A3: 5 | B3: 44621 | C3: Foreign Banks | D3: Bank of America | E3: 0 | F3: 0 | G3: 0 | H3: 0 | I3: 0 | J3: 0 | K3: 21756 | L3: 0 | M3: 27052 | N3: 99065.02 | O3: 12329 | P3: 107630.45 | Q3: 0 | R3: 0 | S3: 0 | T3: 0 | U3: 0 | V3: 0 | W3: 0 | X3: 0 | Y3: 0 | Z3: 0 | AA3: 0 | AB3: 0 | AC3: 0 | AD3: 0 | AE3: 206695.47 | AF3: 0 | AG3: CC High
A4: 9 | B4: 44621 | C4: Foreign Banks | D4: Barclays Bank | E4: 0 | F4: 0 | G4: 0 | H4: 0 | I4: 1 | J4: 0 | K4: 0 | L4: 1736 | M4: 0 | N4: 0 | O4: 0 | P4: 0 | Q4: 0 | R4: 0 | S4: 0 | T4: 0 | U4: 100 | V4: 907.05 | W4: 32 | X4: 28.32 | Y4: 0 | Z4: 0 | AA4: 401 | AB4: 3499.95 | AC4: 0 | AD4: 0 | AE4: 0 | AF4: 4435.32 | AG4: DC High
A5: 14 | B5: 44621 | C5: Foreign Banks | D5: Citibank | E5: 47 | F5: 441 | G5: 0 | H5: 0 | I5: 0 | J5: 0 | K5: 2551485 | L5: 1432288 | M5: 6782388 | N5: 18646347 | O5: 6258303 | P5: 25148092 | Q5: 0 | R5: 0 | S5: 12658 | T5: 74745.2 | U5: 1028885 | V5: 2400201.5 | W5: 1115035 | X5: 3027062.3 | Y5: 0 | Z5: 0 | AA5: 1006987 | AB5: 5649930.3 | AC5: 0 | AD5: 0 | AE5: 43869184 | AF5: 11077194 | AG5: CC High
A6: 16 | B6: 44621 | C6: Foreign Banks | D6: DBS Bank | E6: 498 | F6: 518 | G6: 1013 | H6: 124 | I6: 0 | J6: 2587 | K6: 1000 | L6: 2125772 | M6: 1479 | N6: 3546.47 | O6: 634 | P6: 2696.69 | Q6: 0 | R6: 0 | S6: 2 | T6: 3 | U6: 729424 | V6: 993395.75 | W6: 356248 | X6: 576736.1 | Y6: 568 | Z6: 7453.43 | AA6: 1326776 | AB6: 5831994.2 | AC6: 50 | AD6: 37.75 | AE6: 6246.16 | AF6: 7409617.2 | AG6: DC High
A7: 18 | B7: 44621 | C7: Foreign Banks | D7: Deutsche Bank | E7: 13 | F7: 19 | G7: 0 | H7: 0 | I7: 0 | J7: 7 | K7: 0 | L7: 121093 | M7: 0 | N7: 0 | O7: 0 | P7: 0 | Q7: 0 | R7: 0 | S7: 0 | T7: 0 | U7: 61475 | V7: 157090.22 | W7: 39416 | X7: 97802.4 | Y7: 0 | Z7: 0 | AA7: 52600 | AB7: 303832.34 | AC7: 0 | AD7: 0 | AE7: 0 | AF7: 558724.96 | AG7: DC High
A8: 26 | B8: 44621 | C8: Foreign Banks | D8: HSBC | E8: 46 | F8: 28 | G8: 0 | H8: 0 | I8: 0 | J8: 0 | K8: 796103 | L8: 515764 | M8: 613458 | N8: 3579623.9 | O8: 1155380 | P8: 3986352.9 | Q8: 0 | R8: 0 | S8: 1675 | T8: 13692.73 | U8: 402555 | V8: 1086459.3 | W8: 0 | X8: 0 | Y8: 0 | Z8: 0 | AA8: 281463 | AB8: 1622205.2 | AC8: 0 | AD8: 0 | AE8: 7579669.4 | AF8: 2708664.5 | AG8: CC High
A9: 46 | B9: 44621 | C9: Foreign Banks | D9: SBM Bank India | E9: 6 | F9: 0 | G9: 0 | H9: 165938 | I9: 0 | J9: 0 | K9: 562051 | L9: 52011 | M9: 341577 | N9: 1609612.9 | O9: 1047799 | P9: 4479465.3 | Q9: 0 | R9: 0 | S9: 108845 | T9: 681013.08 | U9: 2361 | V9: 6405.41 | W9: 5323 | X9: 12178.33 | Y9: 0 | Z9: 0 | AA9: 5486 | AB9: 20899.04 | AC9: 0 | AD9: 0 | AE9: 6770091.2 | AF9: 39482.78 | AG9: CC High
A10: 48 | B10: 44621 | C10: Foreign Banks | D10: Standard Chartered Bank | E10: 91 | F10: 76 | G10: 0 | H10: 0 | I10: 0 | J10: 0 | K10: 1342023 | L10: 1113075 | M10: 1721399 | N10: 5352945 | O10: 1554924 | P10: 6943036.7 | Q10: 0 | R10: 0 | S10: 3205 | T10: 20576.2 | U10: 938238 | V10: 2179490.5 | W10: 735985 | X10: 1315377.8 | Y10: 39 | Z10: 838.2 | AA10: 1099928 | AB10: 5185318.1 | AC10: 0 | AD10: 0 | AE10: 12316558 | AF10: 8681024.6 | AG10: CC High
A11: 60 | B11: 44652 | C11: Foreign Banks | D11: American Express | E11: 0 | F11: 0 | G11: 46662 | H11: 0 | I11: 0 | J11: 0 | K11: 1375307 | L11: 0 | M11: 1048953 | N11: 7532832.5 | O11: 3345816 | P11: 23437612 | Q11: 0 | R11: 0 | S11: 0 | T11: 0 | U11: 0 | V11: 0 | W11: 0 | X11: 0 | Y11: 0 | Z11: 0 | AA11: 0 | AB11: 0 | AC11: 0 | AD11: 0 | AE11: 30970445 | AF11: 0 | AG11: CC High
A12: 63 | B12: 44652 | C12: Foreign Banks | D12: Bank of America | E12: 0 | F12: 0 | G12: 0 | H12: 0 | I12: 0 | J12: 0 | K12: 21588 | L12: 0 | M12: 26619 | N12: 109051.56 | O12: 13355 | P12: 129305.23 | Q12: 0 | R12: 0 | S12: 2 | T12: 20 | U12: 0 | V12: 0 | W12: 0 | X12: 0 | Y12: 0 | Z12: 0 | AA12: 0 | AB12: 0 | AC12: 0 | AD12: 0 | AE12: 238376.79 | AF12: 0 | AG12: CC High
A13: 67 | B13: 44652 | C13: Foreign Banks | D13: Barclays Bank | E13: 0 | F13: 0 | G13: 0 | H13: 0 | I13: 1 | J13: 0 | K13: 0 | L13: 1702 | M13: 0 | N13: 0 | O13: 0 | P13: 0 | Q13: 0 | R13: 0 | S13: 0 | T13: 0 | U13: 61 | V13: 729.73 | W13: 39 | X13: 36.96 | Y13: 0 | Z13: 0 | AA13: 392 | AB13: 3565.09 | AC13: 0 | AD13: 0 | AE13: 0 | AF13: 4331.78 | AG13: DC High
... A35: 200 | B35: 44713 | C35: Foreign Banks | D35: HSBC | E35: 46 | F35: 28 | G35: 0 | H35: 0 | I35: 0 | J35: 0 | K35: 762412 | L35: 523995 | M35: 610907 | N35: 3335531.6 | O35: 1066791 | P35: 3913692.8 | Q35: 0 | R35: 0 | S35: 1666 | T35: 13312.44 | U35: 379483 | V35: 1035718.1 | W35: 0 | X35: 0 | Y35: 0 | Z35: 0 | AA35: 254181 | AB35: 1437561.6 | AC35: 0 | AD35: 0 | AE35: 7262536.8 | AF35: 2473279.7 | AG35: CC High
A36: 220 | B36: 44713 | C36: Foreign Banks | D36: SBM Bank India | E36: 8 | G36: 0 | H36: 230651 | I36: 0 | J36: 0 | K36: 1048914 | L36: 112254 | M36: 374874 | N36: 1534763.9 | O36: 1089788 | P36: 4650711 | Q36: 0 | R36: 0 | S36: 61730 | T36: 399816.32 | U36: 5590 | V36: 10527.47 | W36: 14985 | X36: 26624.95 | Y36: 0 | Z36: 0 | AA36: 6063 | AB36: 24060.15 | AC36: 0 | AD36: 0 | AE36: 6585291.3 | AF36: 61212.57 | AG36: CC High
A37: 222 | B37: 44713 | C37: Foreign Banks | D37: Standard Chartered Bank | E37: 97 | F37: 71 | G37: 0 | H37: 0 | I37: 0 | J37: 0 | K37: 1325750 | L37: 1124313 | M37: 1676090 | N37: 5045067.2 | O37: 1404270 | P37: 6328385 | Q37: 0 | R37: 0 | S37: 3087 | T37: 21310.32 | U37: 850733 | V37: 2056009.4 | W37: 597666 | X37: 1084012.4 | Y37: 21 | Z37: 458.12 | AA37: 969371 | AB37: 4492253.6 | AC37: 0 | AD37: 0 | AE37: 11394763 | AF37: 7632733.6 | AG37: CC High
A38: 234 | B38: 44743 | C38: Foreign Banks | D38: American Express | E38: 0 | F38: 0 | G38: 47948 | H38: 0 | I38: 0 | J38: 0 | K38: 1356420 | L38: 0 | M38: 1005261 | N38: 7204702.3 | O38: 3246269 | P38: 22976106 | Q38: 0 | R38: 0 | S38: 0 | T38: 0 | U38: 0 | V38: 0 | W38: 0 | X38: 0 | Y38: 0 | Z38: 0 | AA38: 0 | AB38: 0 | AC38: 0 | AD38: 0 | AE38: 30180808 | AF38: 0 | AG38: CC High
A39: 237 | B39: 44743 | C39: Foreign Banks | D39: Bank of America | E39: 0 | F39: 0 | G39: 0 | H39: 0 | I39: 0 | J39: 0 | K39: 21092 | L39: 0 | M39: 29471 | N39: 125099.09 | O39: 13528 | P39: 171900.58 | Q39: 0 | R39: 0 | S39: 1 | T39: 10 | U39: 0 | V39: 0 | W39: 0 | X39: 0 | Y39: 0 | Z39: 0 | AA39: 0 | AB39: 0 | AC39: 0 | AD39: 0 | AE39: 297009.67 | AF39: 0 | AG39: CC High
A40: 241 | B40: 44743 | C40: Foreign Banks | D40: Barclays Bank | E40: 0 | F40: 0 | G40: 0 | H40: 0 | I40: 1 | J40: 0 | K40: 0 | L40: 1645 | M40: 0 | N40: 0 | O40: 0 | P40: 0 | Q40: 0 | R40: 0 | S40: 0 | T40: 0 | U40: 50 | V40: 211.54 | W40: 19 | X40: 14.13 | Y40: 0 | Z40: 0 | AA40: 395 | AB40: 3554.5 | AC40: 0 | AD40: 0 | AE40: 0 | AF40: 3780.17 | AG40: DC High
A41: 246 | B41: 44743 | C41: Foreign Banks | D41: Citibank | E41: 47 | F41: 439 | G41: 0 | H41: 0 | I41: 0 | J41: 0 | K41: 2545671 | L41: 1333354 | M41: 6427826 | N41: 17346416 | O41: 5721055 | P41: 24657323 | Q41: 0 | R41: 0 | S41: 10881 | T41: 64539.5 | U41: 972795 | V41: 2416645.8 | W41: 988675 | X41: 2907840.2 | Y41: 0 | Z41: 0 | AA41: 873389 | AB41: 4901371.1 | AC41: 0 | AD41: 0 | AE41: 42068279 | AF41: 10225857 | AG41: CC High
A42: 248 | B42: 44743 | C42: Foreign Banks | D42: DBS Bank | E42: 453 | F42: 515 | G42: 389 | H42: 99 | I42: 0 | J42: 2400 | K42: 34686 | L42: 2038403 | M42: 33022 | N42: 113664.89 | O42: 22266 | P42: 167807.91 | Q42: 0 | R42: 0 | S42: 305 | T42: 991.63 | U42: 649780 | V42: 952846.37 | W42: 262948 | X42: 483032.69 | Y42: 441 | Z42: 7276.32 | AA42: 1198505 | AB42: 5324917 | AC42: 55 | AD42: 47.91 | AE42: 282464.43 | AF42: 6768120.3 | AG42: DC High
A43: 250 | B43: 44743 | C43: Foreign Banks | D43: Deutsche Bank | E43: 13 | F43: 18 | G43: 0 | H43: 0 | I43: 0 | J43: 6 | K43: 0 | L43: 121353 | M43: 0 | N43: 0 | O43: 0 | P43: 0 | Q43: 0 | R43: 0 | S43: 0 | T43: 0 | U43: 66553 | V43: 163656.94 | W43: 26256 | X43: 77109.09 | Y43: 0 | Z43: 0 | AA43: 48481 | AB43: 275393.6 | AC43: 0 | AD43: 0 | AE43: 0 | AF43: 516159.63 | AG43: DC High
A44: 258 | B44: 44743 | C44: Foreign Banks | D44: HSBC | E44: 46 | F44: 28 | G44: 0 | H44: 0 | I44: 0 | J44: 0 | K44: 762067 | L44: 530747 | M44: 664528 | N44: 3621771.8 | O44: 1055283 | P44: 3878482.8 | Q44: 0 | R44: 0 | S44: 1503 | T44: 11525.14 | U44: 383322 | V44: 1095028.9 | W44: 0 | X44: 0 | Y44: 0 | Z44: 0 | AA44: 254073 | AB44: 1457471.4 | AC44: 0 | AD44: 0 | AE44: 7511779.7 | AF44: 2552500.3 | AG44: CC High
A45: 278 | B45: 44743 | C45: Foreign Banks | D45: SBM Bank India | E45: 8 | F45: 0 | G45: 0 | H45: 230651 | I45: 0 | J45: 0 | K45: 1275573 | L45: 134661 | M45: 510945 | N45: 2386880.2 | O45: 1429038 | P45: 7030080.5 | Q45: 0 | R45: 0 | S45: 66276 | T45: 410729.18 | U45: 7516 | V45: 15774.66 | W45: 20762 | X45: 42366.5 | Y45: 0 | Z45: 0 | AA45: 13762 | AB45: 54053.94 | AC45: 0 | AD45: 0 | AE45: 9827689.9 | AF45: 112195.1 | AG45: CC High
A46: 280 | B46: 44743 | C46: Foreign Banks | D46: Standard Chartered Bank | E46: 99 | F46: 73 | G46: 0 | H46: 0 | I46: 0 | J46: 0 | K46: 1321772 | L46: 1166145 | M46: 1617835 | N46: 4840811.7 | O46: 1381403 | P46: 6461999 | Q46: 0 | R46: 0 | S46: 2744 | T46: 18453.68 | U46: 911279 | V46: 2192401.9 | W46: 546969 | X46: 1141747.9 | Y46: 35 | Z46: 622.65 | AA46: 1001958 | AB46: 4676411.5 | AC46: 0 | AD46: 0 | AE46: 11321264 | AF46: 8011183.9 | AG46: CC High
A47: 292 | B47: 44774 | C47: Foreign Banks | D47: American Express | E47: 0 | F47: 0 | G47: 48756 | H47: 0 | I47: 0 | J47: 0 | K47: 1353402 | L47: 0 | M47: 966362 | N47: 7054444.9 | O47: 3218916 | P47: 23895948 | Q47: 0 | R47: 0 | S47: 0 | T47: 0 | U47: 0 | V47: 0 | W47: 0 | X47: 0 | Y47: 0 | Z47: 0 | AA47: 0 | AB47: 0 | AC47: 0 | AD47: 0 | AE47: 30950393 | AF47: 0 | AG47: CC High
A48: 295 | B48: 44774 | C48: Foreign Banks | D48: Bank of America | E48: 0 | F48: 0 | G48: 0 | H48: 0 | I48: 0 | J48: 0 | K48: 19589 | L48: 0 | M48: 26838 | N48: 117216.02 | O48: 13693 | P48: 185893.23 | Q48: 0 | R48: 0 | S48: 6 | T48: 53 | U48: 0 | V48: 0 | W48: 0 | X48: 0 | Y48: 0 | Z48: 0 | AA48: 0 | AB48: 0 | AC48: 0 | AD48: 0 | AE48: 303162.25 | AF48: 0 | AG48: CC High
... A53: 316 | B53: 44774 | C53: Foreign Banks | D53: HSBC | E53: 46 | F53: 28 | G53: 0 | H53: 0 | I53: 0 | J53: 0 | K53: 765095 | L53: 537794 | M53: 611280 | N53: 3744955.4 | O53: 1110080 | P53: 3791691.3 | Q53: 0 | R53: 0 | S53: 1588 | T53: 12640.04 | U53: 374794 | V53: 1110611.8 | W53: 0 | X53: 0 | Y53: 0 | Z53: 0 | AA53: 256722 | AB53: 1444672.5 | AC53: 0 | AD53: 0 | AE53: 7549286.8 | AF53: 2555284.3 | AG53: CC High
A54: 336 | B54: 44774 | C54: Foreign Banks | D54: SBM Bank India | G54: 0 | H54: 267925 | I54: 0 | J54: 0 | K54: 1222172 | L54: 248119 | M54: 458298 | N54: 2042887.8 | O54: 1185280 | P54: 5734958.3 | Q54: 0 | R54: 0 | S54: 58942 | T54: 360274.48 | U54: 10088.5 | V54: 27026.53 | W54: 28920.5 | X54: 77236.61 | Y54: 0 | Z54: 0 | AA54: 13146 | AB54: 49907.71 | AC54: 0 | AD54: 0 | AE54: 8138120.5 | AF54: 154170.85 | AG54: CC High
A55: 338 | B55: 44774 | C55: Foreign Banks | D55: Standard Chartered Bank | E55: 99 | F55: 74 | G55: 0 | H55: 0 | I55: 0 | J55: 0 | K55: 1319608 | L55: 1167038 | M55: 1880615 | N55: 5597285.7 | O55: 1404190 | P55: 6437526.9 | Q55: 0 | R55: 0 | S55: 3141 | T55: 21009.12 | U55: 939559 | V55: 2289915.8 | W55: 424743 | X55: 895438.1 | Y55: 30 | Z55: 532.31 | AA55: 982249 | AB55: 4544701.9 | AC55: 0 | AD55: 0 | AE55: 12055822 | AF55: 7730588.1 | AG55: CC High
A56: 350 | B56: 44805 | C56: Foreign Banks | D56: American Express | E56: 0 | F56: 0 | G56: 49461 | H56: 0 | I56: 0 | J56: 0 | K56: 1299223 | L56: 0 | M56: 899315 | N56: 6809527.5 | O56: 3229875 | P56: 24610542 | Q56: 0 | R56: 0 | S56: 0 | T56: 0 | U56: 0 | V56: 0 | W56: 0 | X56: 0 | Y56: 0 | Z56: 0 | AA56: 0 | AB56: 0 | AC56: 0 | AD56: 0 | AE56: 31420070 | AF56: 0 | AG56: CC High
A57: 353 | B57: 44805 | C57: Foreign Banks | D57: Bank of America | E57: 0 | F57: 0 | G57: 0 | H57: 0 | I57: 0 | J57: 0 | K57: 17930 | L57: 0 | M57: 22289 | N57: 110279.28 | O57: 12710 | P57: 176772.97 | Q57: 0 | R57: 0 | S57: 0 | T57: 0 | U57: 0 | V57: 0 | W57: 0 | X57: 0 | Y57: 0 | Z57: 0 | AA57: 0 | AB57: 0 | AC57: 0 | AD57: 0 | AE57: 287052.25 | AF57: 0 | AG57: CC High
A58: 357 | B58: 44805 | C58: Foreign Banks | D58: Barclays Bank | E58: 0 | F58: 0 | G58: 0 | H58: 0 | I58: 1 | J58: 0 | K58: 0 | L58: 980 | M58: 0 | N58: 0 | O58: 0 | P58: 0 | Q58: 0 | R58: 0 | S58: 0 | T58: 0 | U58: 35 | V58: 403.61 | W58: 4 | X58: 6.12 | Y58: 0 | Z58: 0 | AA58: 376 | AB58: 3225.4 | AC58: 0 | AD58: 0 | AE58: 0 | AF58: 3635.13 | AG58: DC High
A59: 362 | B59: 44805 | C59: Foreign Banks | D59: Citibank | E59: 47 | F59: 436 | G59: 0 | H59: 0 | I59: 0 | J59: 0 | K59: 2466201 | L59: 1319374 | M59: 7240815 | N59: 19461224 | O59: 4307171 | P59: 20419658 | Q59: 0 | R59: 0 | S59: 10680 | T59: 62592.7 | U59: 813144 | V59: 2026433.5 | W59: 878076 | X59: 2738237.5 | Y59: 0 | Z59: 0 | AA59: 798723 | AB59: 4428602.4 | AC59: 0 | AD59: 0 | AE59: 39943475 | AF59: 9193273.4 | AG59: CC High
A60: 364 | B60: 44805 | C60: Foreign Banks | D60: DBS Bank | E60: 451 | F60: 526 | G60: 468 | H60: 89 | I60: 0 | J60: 2669 | K60: 73338 | L60: 1964920 | M60: 77379 | N60: 251415.58 | O60: 60601 | P60: 420586.98 | Q60: 0 | R60: 0 | S60: 581 | T60: 1674.97 | U60: 555731 | V60: 843492.95 | W60: 229953 | X60: 434262.42 | Y60: 459 | Z60: 6546.38 | AA60: 1125046 | AB60: 5021159.2 | AC60: 34 | AD60: 26.11 | AE60: 673677.53 | AF60: 6305487 | AG60: DC High
A61: 366 | B61: 44805 | C61: Foreign Banks | D61: Deutsche Bank | E61: 13 | F61: 18 | G61: 0 | H61: 0 | I61: 0 | J61: 7 | K61: 0 | L61: 118573 | M61: 0 | N61: 0 | O61: 0 | P61: 0 | Q61: 0 | R61: 0 | S61: 0 | T61: 0 | U61: 68622 | V61: 161777.81 | W61: 15372 | X61: 55757.9 | Y61: 0 | Z61: 0 | AA61: 45323 | AB61: 257968.62 | AC61: 0 | AD61: 0 | AE61: 0 | AF61: 475504.33 | AG61: DC High
A62: 374 | B62: 44805 | C62: Foreign Banks | D62: HSBC | E62: 46 | F62: 28 | G62: 0 | H62: 0 | I62: 0 | J62: 0 | K62: 717508 | L62: 542818 | M62: 585307 | N62: 3557118.9 | O62: 1048353 | P62: 3724814.1 | Q62: 0 | R62: 0 | S62: 1542 | T62: 11453.11 | U62: 366998 | V62: 921152.05 | W62: 0 | X62: 0 | Y62: 0 | Z62: 0 | AA62: 243510 | AB62: 1386422.9 | AC62: 0 | AD62: 0 | AE62: 7293386.1 | AF62: 2307575 | AG62: CC High
A63: 394 | B63: 44805 | C63: Foreign Banks | D63: SBM Bank India | E63: 0 | F63: 0 | G63: 0 | H63: 285916 | I63: 0 | J63: 0 | K63: 1383164 | L63: 291887 | M63: 441148 | N63: 1875226.9 | O63: 1115314 | P63: 4964662.5 | Q63: 0 | R63: 0 | S63: 59817 | T63: 370192.65 | U63: 13332 | V63: 33314.82 | W63: 39146 | X63: 98128.04 | Y63: 0 | Z63: 0 | AA63: 15151 | AB63: 60407.79 | AC63: 52478 | AD63: 131442.86 | AE63: 7210082.1 | AF63: 323293.51 | AG63: CC High
A64: 396 | B64: 44805 | C64: Foreign Banks | D64: Standard Chartered Bank | E64: 99 | F64: 73 | G64: 0 | H64: 0 | I64: 0 | J64: 0 | K64: 1217340 | L64: 1189948 | M64: 1848930 | N64: 5350277.3 | O64: 1148488 | P64: 6068553.3 | Q64: 0 | R64: 0 | S64: 2962 | T64: 20152.59 | U64: 895916 | V64: 2223752.3 | W64: 386069 | X64: 797211.56 | Y64: 36 | Z64: 670.91 | AA64: 920258 | AB64: 4309394.4 | AC64: 0 | AD64: 0 | AE64: 11438983 | AF64: 7331029.2 | AG64: CC High
A65: 408 | B65: 44835 | C65: Foreign Banks | D65: American Express | E65: 0 | F65: 0 | G65: 52468 | H65: 0 | I65: 0 | J65: 0 | K65: 1304696 | L65: 0 | M65: 1092443 | N65: 8914339.2 | O65: 2958710 | P65: 23329997 | Q65: 0 | R65: 0 | S65: 0 | T65: 0 | U65: 0 | V65: 0 | W65: 0 | X65: 0 | Y65: 0 | Z65: 0 | AA65: 0 | AB65: 0 | AC65: 0 | AD65: 0 | AE65: 32244336 | AF65: 0 | AG65: CC High
A66: 411 | B66: 44835 | C66: Foreign Banks | D66: Bank of America | E66: 0 | F66: 0 | G66: 0 | H66: 0 | I66: 0 | J66: 0 | K66: 7241 | L66: 0 | M66: 16848 | N66: 91590.8 | O66: 0 | P66: 0 | Q66: 0 | R66: 0 | S66: 0 | T66: 0 | U66: 0 | V66: 0 | W66: 0 | X66: 0 | Y66: 0 | Z66: 0 | AA66: 0 | AB66: 0 | AC66: 0 | AD66: 0 | AE66: 91590.8 | AF66: 0 | AG66: CC High
... A112: 699 | B112: 44958 | C112: Foreign Banks | D112: Standard Chartered Bank | E112: 103 | F112: 71 | G112: 0 | H112: 0 | I112: 0 | J112: 0 | K112: 1067422 | L112: 1157081 | M112: 1310459 | N112: 4106872.1 | O112: 1246066 | P112: 5899690.3 | Q112: 0 | R112: 0 | S112: 2483 | T112: 15264.4 | U112: 844052 | V112: 1821843.1 | W112: 109663 | X112: 533172.15 | Y112: 40 | Z112: 738.87 | AA112: 794456 | AB112: 3797351.5 | AC112: 0 | AD112: 0 | AE112: 10021827 | AF112: 6153105.6 | AG112: CC High
A113: 708 | B113: 44958 | C113: Foreign Banks | D113: Woori Bank | G113: 0 | H113: 0 | I113: 0 | J113: 0 | K113: 0 | L113: 960 | M113: 0 | N113: 0 | O113: 0 | P113: 0 | Q113: 0 | R113: 0 | S113: 0 | T113: 0 | U113: 4076 | V113: 12745.42 | W113: 1421 | X113: 4028.38 | Y113: 0 | Z113: 0 | AA113: 1016 | AB113: 6993.2 | AC113: 0 | AD113: 0 | AE113: 0 | AF113: 23767 | AG113: DC High
A114: 712 | B114: 44986 | C114: Foreign Banks | D114: American Express | E114: 0 | F114: 0 | G114: 52860 | H114: 0 | I114: 0 | J114: 0 | K114: 1336775 | L114: 0 | M114: 1103730 | N114: 8163420.9 | O114: 3473250 | P114: 31190079 | Q114: 0 | R114: 0 | S114: 0 | T114: 0 | U114: 0 | V114: 0 | W114: 0 | X114: 0 | Y114: 0 | Z114: 0 | AA114: 0 | AB114: 0 | AC114: 0 | AD114: 0 | AE114: 39353500 | AF114: 0 | AG114: CC High
A115: 715 | B115: 44986 | C115: Foreign Banks | D115: Bank of America | E115: 0 | F115: 0 | G115: 0 | H115: 0 | I115: 0 | J115: 0 | K115: 0 | L115: 0 | M115: 0 | N115: 0 | O115: 0 | P115: 0 | Q115: 0 | R115: 0 | S115: 0 | T115: 0 | U115: 0 | V115: 0 | W115: 0 | X115: 0 | Y115: 0 | Z115: 0 | AA115: 0 | AB115: 0 | AC115: 0 | AD115: 0 | AE115: 0 | AF115: 0 | AG115: DC High
A116: 719 | B116: 44986 | C116: Foreign Banks | D116: Barclays Bank | E116: 0 | F116: 0 | G116: 0 | H116: 0 | I116: 1 | J116: 0 | K116: 0 | L116: 908 | M116: 0 | N116: 0 | O116: 0 | P116: 0 | Q116: 0 | R116: 0 | S116: 0 | T116: 0 | U116: 24 | V116: 42.19 | W116: 5 | X116: 8.28 | Y116: 0 | Z116: 0 | AA116: 322 | AB116: 2786.1 | AC116: 0 | AD116: 0 | AE116: 0 | AF116: 2836.57 | AG116: DC High
A117: 724 | B117: 44986 | C117: Foreign Banks | D117: Citibank | E117: 0 | F117: 0 | G117: 0 | H117: 0 | I117: 0 | J117: 0 | K117: 162478 | L117: 0 | M117: 128899 | N117: 748452.96 | O117: 188982 | P117: 2837631.3 | Q117: 0 | R117: 0 | S117: 768 | T117: 5800.8 | U117: 0 | V117: 0 | W117: 0 | X117: 0 | Y117: 0 | Z117: 0 | AA117: 0 | AB117: 0 | AC117: 0 | AD117: 0 | AE117: 3591885 | AF117: 0 | AG117: CC High
A118: 726 | B118: 44986 | C118: Foreign Banks | D118: DBS Bank | E118: 451 | F118: 497 | G118: 474 | H118: 93 | I118: 0 | J118: 3071 | K118: 222375 | L118: 1871842 | M118: 233443 | N118: 932583.64 | O118: 145720 | P118: 1327143.3 | Q118: 0 | R118: 0 | S118: 3070 | T118: 9261.9 | U118: 446774 | V118: 771318.87 | W118: 137350 | X118: 341265.58 | Y118: 0 | Z118: 0 | AA118: 1079673 | AB118: 5125303.6 | AC118: 0 | AD118: 0 | AE118: 2268988.9 | AF118: 6237888 | AG118: DC High
A119: 728 | B119: 44986 | C119: Foreign Banks | D119: Deutsche Bank | E119: 13 | F119: 18 | G119: 0 | H119: 0 | I119: 0 | J119: 2 | K119: 0 | L119: 115898 | M119: 0 | N119: 0 | O119: 0 | P119: 0 | Q119: 0 | R119: 0 | S119: 0 | T119: 0 | U119: 45988 | V119: 126085.2 | W119: 22225 | X119: 73251.67 | Y119: 0 | Z119: 0 | AA119: 45982 | AB119: 262653.26 | AC119: 0 | AD119: 0 | AE119: 0 | AF119: 461990.13 | AG119: DC High
A120: 736 | B120: 44986 | C120: Foreign Banks | D120: HSBC | E120: 46 | F120: 28 | G120: 0 | H120: 0 | I120: 0 | J120: 0 | K120: 699170 | L120: 582108 | M120: 734477 | N120: 2502329.7 | O120: 1065152 | P120: 5220534.3 | Q120: 0 | R120: 0 | S120: 1643 | T120: 12636.47 | U120: 313749 | V120: 1033024.5 | W120: 0 | X120: 0 | Y120: 0 | Z120: 0 | AA120: 262183 | AB120: 1527926.5 | AC120: 0 | AD120: 0 | AE120: 7735500.5 | AF120: 2560951 | AG120: CC High
A121: 757 | B121: 44986 | C121: Foreign Banks | D121: SBM Bank India | E121: 0 | F121: 0 | G121: 0 | H121: 374406 | I121: 0 | J121: 0 | K121: 1072764 | L121: 602345 | M121: 536442 | N121: 2063773 | O121: 1207156 | P121: 4230351 | Q121: 0 | R121: 0 | S121: 48461 | T121: 297920.6 | U121: 34389 | V121: 56895.24 | W121: 25428 | X121: 73972.99 | Y121: 0 | Z121: 0 | AA121: 83744 | AB121: 241656.96 | AC121: 0 | AD121: 0 | AE121: 6592044.6 | AF121: 372525.19 | AG121: CC High
A122: 760 | B122: 44986 | C122: Foreign Banks | D122: Standard Chartered Bank | E122: 102 | F122: 69 | G122: 0 | H122: 0 | I122: 0 | J122: 0 | K122: 1061075 | L122: 1137359 | M122: 1442980 | N122: 4625803.8 | O122: 1412938 | P122: 7431878.5 | Q122: 0 | R122: 0 | S122: 2756 | T122: 16699.4 | U122: 889083 | V122: 1958930.8 | W122: 118234 | X122: 644616.04 | Y122: 51 | Z122: 831.42 | AA122: 831835 | AB122: 4060862.3 | AC122: 0 | AD122: 0 | AE122: 12074382 | AF122: 6665240.5 | AG122: CC High
A123: 769 | B123: 44986 | C123: Foreign Banks | D123: Woori Bank | E123: 0 | F123: 0 | G123: 0 | H123: 0 | I123: 0 | J123: 0 | K123: 0 | L123: 977 | M123: 0 | N123: 0 | O123: 0 | P123: 0 | Q123: 0 | R123: 0 | S123: 0 | T123: 0 | U123: 4255 | V123: 12589.59 | W123: 1451 | X123: 4741.84 | Y123: 0 | Z123: 0 | AA123: 1188 | AB123: 8437.84 | AC123: 0 | AD123: 0 | AE123: 0 | AF123: 25769.27 | AG123: DC High
A124: 773 | B124: 45017 | C124: Foreign Banks | D124: American Express | E124: 0 | F124: 0 | G124: 53768 | H124: 0 | I124: 0 | J124: 0 | K124: 1342190 | L124: 0 | M124: 1149894 | N124: 8800198.9 | O124: 3190325 | P124: 27866469 | Q124: 0 | R124: 0 | S124: 0 | T124: 0 | U124: 0 | V124: 0 | W124: 0 | X124: 0 | Y124: 0 | Z124: 0 | AA124: 0 | AB124: 0 | AC124: 0 | AD124: 0 | AE124: 36666668 | AF124: 0 | AG124: CC High
A125: 776 | B125: 45017 | C125: Foreign Banks | D125: Bank of America | E125: 0 | F125: 0 | G125: 0 | H125: 0 | I125: 0 | J125: 0 | K125: 0 | L125: 0 | M125: 0 | N125: 0 | O125: 0 | P125: 0 | Q125: 0 | R125: 0 | S125: 0 | T125: 0 | U125: 0 | V125: 0 | W125: 0 | X125: 0 | Y125: 0 | Z125: 0 | AA125: 0 | AB125: 0 | AC125: 0 | AD125: 0 | AE125: 0 | AF125: 0 | AG125: DC High
... A511: 2669 | B511: 45901 | C511: Foreign Banks | D511: Woori Bank | E511: 0 | F511: 0 | G511: 0 | H511: 0 | I511: 0 | J511: 0 | K511: 0 | L511: 1448 | M511: 0 | N511: 0 | O511: 0 | P511: 0 | Q511: 0 | R511: 0 | S511: 0 | T511: 0 | U511: 1752 | V511: 6635.04 | W511: 684 | X511: 1921.88 | Y511: 0 | Z511: 0 | AA511: 575 | AB511: 4816.6 | AC511: 0 | AD511: 0 | AE511: 0 | AF511: 13373.52 | AG511: DC High

Sheet Payment Banks
A1: ID | B1: Date | C1: Bank_Category | D1: Bank_Name | E1: ATM's Onsite | F1: ATM's Offsite | G1: POS | H1: Micro_ ATM's | I1: Bharath_QR | J1: Upi_QR | K1: Credit_Cards | L1: Debit_Cards | M1: No of CC at POS | N1: Value of CC at POS | O1: No of CC Online Transaction | P1: CC Online Transaction value | Q1: No of other CC Transactions | R1: Value of other CC Transactions | S1: No of Credit CC Withdrawl | T1: Value of CC_Cash Withdrawl | U1: No of DC at POS | V1: Value of DC at POS | W1: No ofDC Online Transaction | X1: Value of DC Online Transaction | Y1: No of other DC Transactions | Z1: Value of other DC Transactions | AA1: No of DC _Cash Withdrawl_ATM | AB1: Value_ DC _Cash Withdrawl_ATM | AC1: No of DC _Cash Withdrawl_POS | AD1: Value_DC _Cash Withdrawl_POS | AE1: CC_Transaction Total Value | AF1: DC_Transaction Total value | AG1: Comparision of CC and DC Total value
A2: 1 | B2: 44621 | C2: Payment Banks | D2: Airtel Payments Bank | E2: 0 | F2: 0 | G2: 0 | H2: 0 | I2: 0 | J2: 3208634 | K2: 0 | L2: 1964142 | M2: 0 | N2: 0 | O2: 0 | P2: 0 | Q2: 0 | R2: 0 | S2: 0 | T2: 0 | U2: 0 | V2: 0 | W2: 213807 | X2: 156600.18 | Y2: 0 | Z2: 0 | AA2: 0 | AB2: 0 | AC2: 0 | AD2: 0 | AE2: 0 | AF2: 156600.18 | AG2: DC High
A3: 24 | B3: 44621 | C3: Payment Banks | D3: Fino Payments Bank | E3: 0 | F3: 0 | G3: 0 | H3: 304094 | I3: 0 | J3: 12859 | K3: 0 | L3: 4415157 | M3: 0 | N3: 0 | O3: 0 | P3: 0 | Q3: 0 | R3: 0 | S3: 0 | T3: 0 | U3: 205483 | V3: 383496.48 | W3: 27054 | X3: 22125.72 | Y3: 0 | Z3: 0 | AA3: 1337527 | AB3: 4122139.4 | AC3: 295 | AD3: 168.2 | AE3: 0 | AF3: 4527929.8 | AG3: DC High
A4: 30 | B4: 44621 | C4: Payment Banks | D4: India Post Payments Bank | E4: 0 | F4: 0 | G4: 0 | H4: 135092 | I4: 0 | J4: 0 | K4: 0 | L4: 4788986 | U4: 0 | V4: 0 | W4: 389128 | X4: 240570.97 | Y4: 0 | Z4: 0 | AA4: 0 | AB4: 0 | AC4: 0 | AD4: 0 | AE4: 0 | AF4: 240570.97 | AG4: DC High
A5: 36 | B5: 44621 | C5: Payment Banks | D5: Jio Payments Bank | E5: 0 | F5: 0 | G5: 0 | H5: 0 | I5: 0 | J5: 0 | K5: 0 | L5: 0 | M5: 0 | N5: 0 | O5: 0 | P5: 0 | Q5: 0 | R5: 0 | S5: 0 | T5: 0 | U5: 0 | V5: 0 | W5: 0 | X5: 0 | Y5: 0 | Z5: 0 | AA5: 0 | AB5: 0 | AC5: 0 | AD5: 0 | AE5: 0 | AF5: 0 | AG5: DC High
A6: 40 | B6: 44621 | C6: Payment Banks | D6: NSDL Payments Bank | E6: 0 | F6: 0 | G6: 0 | H6: 30397 | I6: 0 | J6: 0 | K6: 0 | L6: 334371 | M6: 0 | N6: 0 | O6: 0 | P6: 0 | Q6: 0 | R6: 0 | S6: 0 | T6: 0 | U6: 903 | V6: 864.01 | W6: 23785 | X6: 11512.9 | Y6: 0 | Z6: 0 | AA6: 3801 | AB6: 15699.67 | AC6: 0 | AD6: 0 | AE6: 0 | AF6: 28076.58 | AG6: DC High
A7: 42 | B7: 44621 | C7: Payment Banks | D7: Paytm Payments Bank | E7: 1 | F7: 70 | G7: 403006 | H7: 0 | I7: 0 | J7: 21585576 | K7: 0 | L7: 36619887 | M7: 0 | N7: 0 | O7: 0 | P7: 0 | Q7: 0 | R7: 0 | S7: 0 | T7: 0 | U7: 811299 | V7: 954816.09 | W7: 1830442 | X7: 2084776.1 | Y7: 0 | Z7: 0 | AA7: 2669476 | AB7: 9729090.6 | AC7: 0 | AD7: 0 | AE7: 0 | AF7: 12768683 | AG7: DC High
A8: 59 | B8: 44652 | C8: Payment Banks | D8: Airtel Payments Bank | E8: 0 | F8: 0 | G8: 0 | H8: 0 | I8: 0 | J8: 3295262 | K8: 0 | L8: 1963575 | M8: 0 | N8: 0 | O8: 0 | P8: 0 | Q8: 0 | R8: 0 | S8: 0 | T8: 0 | U8: 0 | V8: 0 | W8: 218283 | X8: 142903.38 | Y8: 0 | Z8: 0 | AA8: 0 | AB8: 0 | AC8: 0 | AD8: 0 | AE8: 0 | AF8: 142903.38 | AG8: DC High
A9: 82 | B9: 44652 | C9: Payment Banks | D9: Fino Payments Bank | E9: 0 | F9: 0 | G9: 0 | H9: 309670 | I9: 0 | J9: 13415 | K9: 0 | L9: 4588989 | M9: 0 | N9: 0 | O9: 0 | P9: 0 | Q9: 0 | R9: 0 | S9: 0 | T9: 0 | U9: 206072 | V9: 418115.98 | W9: 29166 | X9: 21096.72 | Y9: 0 | Z9: 0 | AA9: 1288913 | AB9: 4053652.2 | AC9: 278 | AD9: 168.81 | AE9: 0 | AF9: 4493033.7 | AG9: DC High
A10: 88 | B10: 44652 | C10: Payment Banks | D10: India Post Payments Bank | E10: 0 | F10: 0 | G10: 0 | H10: 132120 | I10: 0 | J10: 0 | K10: 0 | L10: 5112794 | U10: 0 | V10: 0 | W10: 447729 | X10: 247186.01 | Y10: 0 | Z10: 0 | AA10: 0 | AB10: 0 | AC10: 0 | AD10: 0 | AE10: 0 | AF10: 247186.01 | AG10: DC High
A11: 94 | B11: 44652 | C11: Payment Banks | D11: Jio Payments Bank | E11: 0 | F11: 0 | G11: 0 | H11: 0 | I11: 0 | J11: 0 | K11: 0 | L11: 0 | M11: 0 | N11: 0 | O11: 0 | P11: 0 | Q11: 0 | R11: 0 | S11: 0 | T11: 0 | U11: 0 | V11: 0 | W11: 0 | X11: 0 | Y11: 0 | Z11: 0 | AA11: 0 | AB11: 0 | AC11: 0 | AD11: 0 | AE11: 0 | AF11: 0 | AG11: DC High
A12: 98 | B12: 44652 | C12: Payment Banks | D12: NSDL Payments Bank | E12: 0 | F12: 0 | G12: 0 | H12: 36061 | I12: 0 | J12: 0 | K12: 0 | L12: 349949 | M12: 0 | N12: 0 | O12: 0 | P12: 0 | Q12: 0 | R12: 0 | S12: 0 | T12: 0 | U12: 824 | V12: 892.78 | W12: 20435 | X12: 9925.78 | Y12: 0 | Z12: 0 | AA12: 3787 | AB12: 16145.66 | AC12: 0 | AD12: 0 | AE12: 0 | AF12: 26964.22 | AG12: DC High
A13: 100 | B13: 44652 | C13: Payment Banks | D13: Paytm Payments Bank | E13: 1 | F13: 66 | G13: 421467 | H13: 0 | I13: 0 | J13: 22126800 | K13: 0 | L13: 36856402 | M13: 0 | N13: 0 | O13: 0 | P13: 0 | Q13: 0 | R13: 0 | S13: 0 | T13: 0 | U13: 771840 | V13: 960766.28 | W13: 1677481 | X13: 1863914.8 | Y13: 0 | Z13: 0 | AA13: 2196605 | AB13: 8177172.5 | AC13: 0 | AD13: 0 | AE13: 0 | AF13: 11001854 | AG13: DC High
A14: 117 | B14: 44682 | C14: Payment Banks | D14: Airtel Payments Bank | E14: 0 | F14: 0 | G14: 0 | H14: 0 | I14: 0 | J14: 3430876 | K14: 0 | L14: 1962294 | M14: 0 | N14: 0 | O14: 0 | P14: 0 | Q14: 0 | R14: 0 | S14: 0 | T14: 0 | U14: 0 | V14: 0 | W14: 226382 | X14: 157708.56 | Y14: 0 | Z14: 0 | AA14: 0 | AB14: 0 | AC14: 0 | AD14: 0 | AE14: 0 | AF14: 157708.56 | AG14: DC High
A15: 140 | B15: 44682 | C15: Payment Banks | D15: Fino Payments Bank | E15: 0 | F15: 0 | G15: 0 | H15: 314868 | I15: 0 | J15: 14807 | K15: 0 | L15: 4791704 | M15: 0 | N15: 0 | O15: 0 | P15: 0 | Q15: 0 | R15: 0 | S15: 0 | T15: 0 | U15: 206339 | V15: 381338.89 | W15: 27257 | X15: 19786.06 | Y15: 0 | Z15: 0 | AA15: 1467225 | AB15: 4505439.6 | AC15: 313 | AD15: 186.75 | AE15: 0 | AF15: 4906751.3 | AG15: DC High
A16: 146 | B16: 44682 | C16: Payment Banks | D16: India Post Payments Bank | E16: 0 | F16: 0 | G16: 0 | H16: 132120 | I16: 0 | J16: 101001 | K16: 0 | L16: 0 | M16: 0 | N16: 0 | O16: 0 | P16: 0 | Q16: 0 | R16: 0 | S16: 0 | T16: 0 | U16: 0 | V16: 0 | W16: 0 | X16: 0 | Y16: 0 | Z16: 0 | AA16: 0 | AB16: 0 | AC16: 0 | AD16: 0 | AE16: 0 | AF16: 0 | AG16: DC High
A17: 152 | B17: 44682 | C17: Payment Banks | D17: Jio Payments Bank | E17: 0 | F17: 0 | G17: 0 | H17: 0 | I17: 0 | J17: 0 | K17: 0 | L17: 0 | M17: 0 | N17: 0 | O17: 0 | P17: 0 | Q17: 0 | R17: 0 | S17: 0 | T17: 0 | U17: 0 | V17: 0 | W17: 0 | X17: 0 | Y17: 0 | Z17: 0 | AA17: 0 | AB17: 0 | AC17: 0 | AD17: 0 | AE17: 0 | AF17: 0 | AG17: DC High
A18: 156 | B18: 44682 | C18: Payment Banks | D18: NSDL Payments Bank | E18: 0 | F18: 0 | G18: 0 | H18: 84036 | I18: 0 | J18: 0 | K18: 0 | L18: 369029 | M18: 0 | N18: 0 | O18: 0 | P18: 0 | Q18: 0 | R18: 0 | S18: 0 | T18: 0 | U18: 811 | V18: 892.51 | W18: 23215 | X18: 12530.16 | Y18: 0 | Z18: 0 | AA18: 3877 | AB18: 15878.7 | AC18: 0 | AD18: 0 | AE18: 0 | AF18: 29301.37 | AG18: DC High
A19: 158 | B19: 44682 | C19: Payment Banks | D19: Paytm Payments Bank | E19: 1 | F19: 67 | G19: 439894 | H19: 0 | I19: 0 | J19: 22709512 | K19: 0 | L19: 37013451 | M19: 0 | N19: 0 | O19: 0 | P19: 0 | Q19: 0 | R19: 0 | S19: 0 | T19: 0 | U19: 748866 | V19: 906827 | W19: 1745974 | X19: 2433192 | Y19: 0 | Z19: 0 | AA19: 2018737 | AB19: 7415866 | AC19: 0 | AD19: 0 | AE19: 0 | AF19: 10755885 | AG19: DC High
A20: 175 | B20: 44713 | C20: Payment Banks | D20: Airtel Payments Bank | E20: 0 | F20: 0 | G20: 0 | H20: 0 | I20: 0 | J20: 3521867 | K20: 0 | L20: 2069252 | M20: 0 | N20: 0 | O20: 0 | P20: 0 | Q20: 0 | R20: 0 | S20: 0 | T20: 0 | U20: 0 | V20: 0 | W20: 217719 | X20: 144190.89 | Y20: 0 | Z20: 0 | AA20: 0 | AB20: 0 | AC20: 0 | AD20: 0 | AE20: 0 | AF20: 144190.89 | AG20: DC High
A21: 198 | B21: 44713 | C21: Payment Banks | D21: Fino Payments Bank | E21: 0 | F21: 0 | G21: 0 | H21: 320914 | I21: 0 | J21: 14964 | K21: 0 | L21: 4997770 | M21: 0 | N21: 0 | O21: 0 | P21: 0 | Q21: 0 | R21: 0 | S21: 0 | T21: 0 | U21: 222472 | V21: 436006.09 | W21: 29897 | X21: 31842.64 | Y21: 0 | Z21: 0 | AA21: 1658471 | AB21: 5345178.8 | AC21: 275 | AD21: 160.22 | AE21: 0 | AF21: 5813187.7 | AG21: DC High
A22: 204 | B22: 44713 | C22: Payment Banks | D22: India Post Payments Bank | E22: 0 | F22: 0 | G22: 0 | H22: 132120 | I22: 0 | J22: 120247 | K22: 0 | L22: 0 | M22: 0 | N22: 0 | O22: 0 | P22: 0 | Q22: 0 | R22: 0 | S22: 0 | T22: 0 | U22: 0 | V22: 0 | W22: 0 | X22: 0.39 | Y22: 0 | Z22: 0 | AA22: 0 | AB22: 0 | AC22: 0 | AD22: 0 | AE22: 0 | AF22: 0.39 | AG22: DC High
... A259: 2652 | B259: 45901 | C259: Payment Banks | D259: Paytm Payments Bank | E259: 0 | F259: 0 | G259: 0 | H259: 0 | I259: 0 | J259: 0 | K259: 0 | L259: 30582984 | M259: 0 | N259: 0 | O259: 0 | P259: 0 | Q259: 0 | R259: 0 | S259: 0 | T259: 0 | U259: 71 | V259: 20.21 | W259: 283 | X259: 28.84 | Y259: 0 | Z259: 0 | AA259: 38 | AB259: 72.6 | AC259: 0 | AD259: 0 | AE259: 0 | AF259: 121.65 | AG259: DC High
AG260: DC High
AG261: DC High
AG262: DC High
AG263: DC High
AG264: DC High
AG265: DC High
AG266: DC High
AG267: DC High
AG268: DC High
AG269: DC High
AG270: DC High
AG271: DC High
... AG511: DC High
AG512: =IF($AE512>$AF512,"CC High","DC High") -> DC High
AG513: =IF($AE513>$AF513,"CC High","DC High") -> DC High
AG514: =IF($AE514>$AF514,"CC High","DC High") -> DC High
AG515: =IF($AE515>$AF515,"CC High","DC High") -> DC High
AG516: =IF($AE516>$AF516,"CC High","DC High") -> DC High
AG517: =IF($AE517>$AF517,"CC High","DC High") -> DC High
AG518: =IF($AE518>$AF518,"CC High","DC High") -> DC High
AG519: =IF($AE519>$AF519,"CC High","DC High") -> DC High
AG520: =IF($AE520>$AF520,"CC High","DC High") -> DC High
AG521: =IF($AE521>$AF521,"CC High","DC High") -> DC High
AG522: =IF($AE522>$AF522,"CC High","DC High") -> DC High
AG523: =IF($AE523>$AF523,"CC High","DC High") -> DC High
... AG2672: =IF($AE2672>$AF2672,"CC High","DC High") -> DC High

Sheet Small Finance Bank
A1: ID | B1: Date | C1: Bank_Category | D1: Bank_Name | E1: ATM's Onsite | F1: ATM's Offsite | G1: POS | H1: Micro_ ATM's | I1: Bharath_QR | J1: Upi_QR | K1: Credit_Cards | L1: Debit_Cards | M1: No of CC at POS | N1: Value of CC at POS | O1: No of CC Online Transaction | P1: CC Online Transaction value | Q1: No of other CC Transactions | R1: Value of other CC Transactions | S1: No of Credit CC Withdrawl | T1: Value of CC_Cash Withdrawl | U1: No of DC at POS | V1: Value of DC at POS | W1: No ofDC Online Transaction | X1: Value of DC Online Transaction | Y1: No of other DC Transactions | Z1: Value of other DC Transactions | AA1: No of DC _Cash Withdrawl_ATM | AB1: Value_ DC _Cash Withdrawl_ATM | AC1: No of DC _Cash Withdrawl_POS | AD1: Value_DC _Cash Withdrawl_POS | AE1: CC_Transaction Total Value | AF1: DC_Transaction Total value | AG1: Comparision of CC and DC Total value
A2: 0 | B2: 44621 | C2: Small Finance Banks | D2: AU Small Finance Bank | E2: 407 | F2: 3 | G2: 0 | H2: 321 | I2: 0 | J2: 487204 | K2: 169470 | L2: 1935173 | M2: 269852 | N2: 1385159.6 | O2: 197587 | P2: 1881923.7 | Q2: 744 | R2: 364.02 | S2: 4502 | T2: 28352.8 | U2: 247593 | V2: 602474.02 | W2: 184714 | X2: 573932.23 | Y2: 313 | Z2: 3426.59 | AA2: 890008 | AB2: 5886432.8 | AC2: 30 | AD2: 27.6 | AE2: 3295800.1 | AF2: 7066293.2 | AG2: DC High
A3: 11 | B3: 44621 | C3: Small Finance Banks | D3: Capital Small Finance Bank | E3: 161 | F3: 2 | G3: 0 | H3: 0 | I3: 0 | J3: 0 | K3: 0 | L3: 183510 | M3: 0 | N3: 0 | O3: 0 | P3: 0 | Q3: 0 | R3: 0 | S3: 0 | T3: 0 | U3: 49955 | V3: 135511.46 | W3: 20448 | X3: 40847.14 | Y3: 0 | Z3: 0 | AA3: 129173 | AB3: 699054.17 | AC3: 0 | AD3: 0 | AE3: 0 | AF3: 875412.77 | AG3: DC High
A4: 20 | B4: 44621 | C4: Small Finance Banks | D4: ESAF Small Finance Bank | E4: 384 | F4: 2 | G4: 0 | H4: 697 | I4: 0 | J4: 0 | K4: 0 | L4: 4391126 | M4: 0 | N4: 0 | O4: 0 | P4: 0 | Q4: 0 | R4: 0 | S4: 0 | T4: 0 | U4: 305368 | V4: 374817.76 | W4: 0 | X4: 0 | Y4: 0 | Z4: 0 | AA4: 1241175 | AB4: 6406089.4 | AC4: 236 | AD4: 158.09 | AE4: 0 | AF4: 6781065.2 | AG4: DC High
A5: 21 | B5: 44621 | C5: Small Finance Banks | D5: Equitas Small Finance Bank | E5: 336 | F5: 3 | G5: 13216 | H5: 304 | I5: 22412 | J5: 0 | K5: 0 | L5: 3293094 | M5: 0 | N5: 0 | O5: 0 | P5: 0 | Q5: 0 | R5: 0 | S5: 0 | T5: 0 | U5: 278828 | V5: 407816.45 | W5: 175995 | X5: 468444.1 | Y5: 0 | Z5: 0 | AA5: 924018 | AB5: 3546282 | AC5: 0 | AD5: 0 | AE5: 0 | AF5: 4422542.5 | AG5: DC High
A6: 23 | B6: 44621 | C6: Small Finance Banks | D6: Fincare Small Finance Bank | E6: 125 | F6: 0 | G6: 0 | H6: 0 | I6: 0 | J6: 0 | K6: 0 | L6: 3314960 | M6: 0 | N6: 0 | O6: 0 | P6: 0 | Q6: 0 | R6: 0 | S6: 0 | T6: 0 | U6: 55974 | V6: 61529.58 | W6: 9200 | X6: 12302.48 | Y6: 0 | Z6: 0 | AA6: 686237 | AB6: 3393042 | AC6: 0 | AD6: 0 | AE6: 0 | AF6: 3466874.1 | AG6: DC High
A7: 35 | B7: 44621 | C7: Small Finance Banks | D7: Jana Small Finance Bank | E7: 65 | F7: 2 | G7: 0 | H7: 164 | I7: 0 | J7: 493552 | K7: 0 | L7: 2345835 | M7: 0 | N7: 0 | O7: 0 | P7: 0 | Q7: 0 | R7: 0 | S7: 0 | T7: 0 | U7: 66760 | V7: 93390.33 | W7: 17613 | X7: 33770.25 | Y7: 0 | Z7: 0 | AA7: 311964 | AB7: 1532327.8 | AC7: 0 | AD7: 0 | AE7: 0 | AF7: 1659488.4 | AG7: DC High
A8: 41 | B8: 44621 | C8: Small Finance Banks | D8: North East Small Finance Bank | E8: 8 | F8: 1 | G8: 0 | H8: 0 | I8: 0 | J8: 0 | K8: 0 | L8: 303473 | M8: 0 | N8: 0 | O8: 0 | P8: 0 | Q8: 0 | R8: 0 | S8: 0 | T8: 0 | U8: 19390 | V8: 26156.09 | W8: 0 | X8: 0 | Y8: 0 | Z8: 0 | AA8: 49452 | AB8: 202993.29 | AC8: 0 | AD8: 0 | AE8: 0 | AF8: 229149.38 | AG8: DC High
A9: 50 | B9: 44621 | C9: Small Finance Banks | D9: Suryoday Small Finance Bank | E9: 0 | F9: 0 | G9: 0 | H9: 66 | I9: 0 | J9: 0 | K9: 0 | L9: 413877 | M9: 0 | N9: 0 | O9: 0 | P9: 0 | Q9: 0 | R9: 0 | S9: 0 | T9: 0 | U9: 31082 | V9: 32881.06 | W9: 5881 | X9: 11362.58 | Y9: 0 | Z9: 0 | AA9: 105825 | AB9: 479683.59 | AC9: 0 | AD9: 0 | AE9: 0 | AF9: 523927.23 | AG9: DC High
A10: 53 | B10: 44621 | C10: Small Finance Banks | D10: Ujjivan Small Finance Bank | E10: 489 | F10: 3 | G10: 0 | H10: 0 | I10: 0 | J10: 32968 | K10: 0 | L10: 7188300 | M10: 0 | N10: 0 | O10: 0 | P10: 0 | Q10: 0 | R10: 0 | S10: 0 | T10: 0 | U10: 360352 | V10: 520456.15 | W10: 159786 | X10: 307301.76 | Y10: 0 | Z10: 0 | AA10: 3139036 | AB10: 13975996 | AC10: 238 | AD10: 236.49 | AE10: 0 | AF10: 14803990 | AG10: DC High
A11: 55 | B11: 44621 | C11: Small Finance Banks | D11: Unity Small Finance Bank | E11: 0 | F11: 0 | G11: 0 | H11: 0 | I11: 0 | J11: 0 | K11: 0 | L11: 0 | M11: 0 | N11: 0 | O11: 0 | P11: 0 | Q11: 0 | R11: 0 | S11: 0 | T11: 0 | U11: 0 | V11: 0 | W11: 0 | X11: 0 | Y11: 0 | Z11: 0 | AA11: 0 | AB11: 0 | AC11: 0 | AD11: 0 | AE11: 0 | AF11: 0 | AG11: DC High
A12: 56 | B12: 44621 | C12: Small Finance Banks | D12: Utkarsh Small Finance Bank | E12: 210 | F12: 6 | G12: 0 | H12: 310 | I12: 0 | J12: 4204 | K12: 0 | L12: 1322048 | M12: 0 | N12: 0 | O12: 0 | P12: 0 | Q12: 0 | R12: 0 | S12: 0 | T12: 0 | U12: 41658 | V12: 62789.48 | W12: 14410 | X12: 25286.3 | Y12: 0 | Z12: 0 | AA12: 443778 | AB12: 1544075 | AC12: 0 | AD12: 0 | AE12: 0 | AF12: 1632150.8 | AG12: DC High
A13: 58 | B13: 44652 | C13: Small Finance Banks | D13: AU Small Finance Bank | E13: 420 | F13: 3 | G13: 0 | H13: 325 | I13: 0 | J13: 541455 | K13: 189930 | L13: 1992395 | M13: 287959 | N13: 1408914.5 | O13: 207869 | P13: 1758870.8 | Q13: 1385 | R13: 672.12 | S13: 4066 | T13: 25140.3 | U13: 253272 | V13: 629248.65 | W13: 192053 | X13: 467908.41 | Y13: 336 | Z13: 4640.79 | AA13: 875817 | AB13: 5822657.6 | AC13: 61 | AD13: 54.9 | AE13: 3193597.8 | AF13: 6924510.3 | AG13: DC High
... A38: 195 | B38: 44713 | C38: Small Finance Banks | D38: Equitas Small Finance Bank | E38: 339 | F38: 3 | G38: 16273 | H38: 299 | I38: 24776 | J38: 0 | K38: 0 | L38: 3603362 | M38: 0 | N38: 0 | O38: 0 | P38: 0 | Q38: 0 | R38: 0 | S38: 0 | T38: 0 | U38: 282873 | V38: 473927.53 | W38: 162521 | X38: 400023.95 | Y38: 0 | Z38: 0 | AA38: 1018000 | AB38: 3593084 | AC38: 0 | AD38: 0 | AE38: 0 | AF38: 4467035.5 | AG38: DC High
A39: 197 | B39: 44713 | C39: Small Finance Banks | D39: Fincare Small Finance Bank | E39: 126 | G39: 0 | H39: 0 | I39: 0 | J39: 0 | K39: 0 | L39: 3563554 | M39: 0 | N39: 0 | O39: 0 | P39: 0 | Q39: 0 | R39: 0 | S39: 0 | T39: 0 | U39: 52583 | V39: 55097.23 | W39: 7974 | X39: 10664.43 | Y39: 0 | Z39: 0 | AA39: 625285 | AB39: 2872914.5 | AC39: 0 | AD39: 0 | AE39: 0 | AF39: 2938676.1 | AG39: DC High
A40: 209 | B40: 44713 | C40: Small Finance Banks | D40: Jana Small Finance Bank | E40: 65 | F40: 2 | G40: 0 | H40: 164 | I40: 0 | J40: 493924 | K40: 0 | L40: 2438818 | M40: 0 | N40: 0 | O40: 0 | P40: 0 | Q40: 0 | R40: 0 | S40: 0 | T40: 0 | U40: 62189 | V40: 89059.14 | W40: 15104 | X40: 29583.4 | Y40: 0 | Z40: 0 | AA40: 298705 | AB40: 1471947.8 | AC40: 0 | AD40: 0 | AE40: 0 | AF40: 1590590.3 | AG40: DC High
A41: 215 | B41: 44713 | C41: Small Finance Banks | D41: North East Small Finance Bank | E41: 8 | F41: 1 | G41: 0 | H41: 0 | I41: 0 | J41: 0 | K41: 0 | L41: 317945 | M41: 0 | N41: 0 | O41: 0 | P41: 0 | Q41: 0 | R41: 0 | S41: 0 | T41: 0 | U41: 18312 | V41: 21519.18 | W41: 0 | X41: 0 | Y41: 0 | Z41: 0 | AA41: 48927 | AB41: 173924.37 | AC41: 0 | AD41: 0 | AE41: 0 | AF41: 195443.55 | AG41: DC High
A42: 224 | B42: 44713 | C42: Small Finance Banks | D42: Suryoday Small Finance Bank | E42: 0 | F42: 0 | G42: 0 | H42: 67 | I42: 0 | J42: 0 | K42: 0 | L42: 472353 | M42: 0 | N42: 0 | O42: 0 | P42: 0 | Q42: 0 | R42: 0 | S42: 0 | T42: 0 | U42: 26999 | V42: 31868.15 | W42: 4081 | X42: 7878.27 | Y42: 0 | Z42: 0 | AA42: 101030 | AB42: 434240.38 | AC42: 0 | AD42: 0 | AE42: 0 | AF42: 473986.8 | AG42: DC High
A43: 227 | B43: 44713 | C43: Small Finance Banks | D43: Ujjivan Small Finance Bank | E43: 489 | F43: 3 | G43: 0 | H43: 0 | I43: 0 | J43: 92922 | K43: 0 | L43: 7418764 | M43: 0 | N43: 0 | O43: 0 | P43: 0 | Q43: 0 | R43: 0 | S43: 0 | T43: 0 | U43: 356884 | V43: 494108.96 | W43: 154428 | X43: 275034.4 | Y43: 0 | Z43: 0 | AA43: 3264923 | AB43: 14409165 | AC43: 171 | AD43: 167.8 | AE43: 0 | AF43: 15178476 | AG43: DC High
A44: 229 | B44: 44713 | C44: Small Finance Banks | D44: Unity Small Finance Bank | E44: 0 | F44: 0 | G44: 0 | H44: 0 | I44: 0 | J44: 0 | K44: 0 | L44: 0 | M44: 0 | N44: 0 | O44: 0 | P44: 0 | Q44: 0 | R44: 0 | S44: 0 | T44: 0 | U44: 0 | V44: 0 | W44: 0 | X44: 0 | Y44: 0 | Z44: 0 | AA44: 483 | AB44: 1759.4 | AC44: 0 | AD44: 0 | AE44: 0 | AF44: 1759.4 | AG44: DC High
A45: 230 | B45: 44713 | C45: Small Finance Banks | D45: Utkarsh Small Finance Bank | E45: 231 | F45: 6 | G45: 0 | H45: 450 | I45: 0 | J45: 7572 | K45: 0 | L45: 1392937 | M45: 0 | N45: 0 | O45: 0 | P45: 0 | Q45: 0 | R45: 0 | S45: 0 | T45: 0 | U45: 40122 | V45: 61158.79 | W45: 12566 | X45: 20338.31 | Y45: 0 | Z45: 0 | AA45: 600256 | AB45: 1758299.4 | AC45: 0 | AD45: 0 | AE45: 0 | AF45: 1839796.5 | AG45: DC High
A46: 232 | B46: 44743 | C46: Small Finance Banks | D46: AU Small Finance Bank | E46: 439 | F46: 3 | G46: 0 | H46: 338 | I46: 0 | J46: 718238 | K46: 274656 | L46: 2158365 | M46: 399701 | N46: 2087334.7 | O46: 309557 | P46: 2229132.1 | Q46: 1295 | R46: 651.16 | S46: 5638 | T46: 35495.9 | U46: 259927 | V46: 607300.68 | W46: 194402 | X46: 562329.13 | Y46: 237 | Z46: 3235.28 | AA46: 908307 | AB46: 5646406.8 | AC46: 297 | AD46: 295.11 | AE46: 4352613.9 | AF46: 6819567 | AG46: DC High
A47: 244 | B47: 44743 | C47: Small Finance Banks | D47: Capital Small Finance Bank | E47: 165 | F47: 2 | G47: 0 | H47: 0 | I47: 0 | J47: 0 | K47: 0 | L47: 193436 | M47: 0 | N47: 0 | O47: 0 | P47: 0 | Q47: 0 | R47: 0 | S47: 0 | T47: 0 | U47: 47116 | V47: 108025.63 | W47: 17721 | X47: 39319.61 | Y47: 0 | Z47: 0 | AA47: 129232 | AB47: 663437.42 | AC47: 0 | AD47: 0 | AE47: 0 | AF47: 810782.66 | AG47: DC High
A48: 252 | B48: 44743 | C48: Small Finance Banks | D48: ESAF Small Finance Bank | E48: 424 | F48: 2 | G48: 0 | H48: 1130 | I48: 0 | J48: 0 | K48: 0 | L48: 4592274 | M48: 0 | N48: 0 | O48: 0 | P48: 0 | Q48: 0 | R48: 0 | S48: 0 | T48: 0 | U48: 287288 | V48: 347372.42 | W48: 0 | X48: 0 | Y48: 0 | Z48: 0 | AA48: 840853 | AB48: 3609706.6 | AC48: 81 | AD48: 78.63 | AE48: 0 | AF48: 3957157.7 | AG48: DC High
A49: 253 | B49: 44743 | C49: Small Finance Banks | D49: Equitas Small Finance Bank | E49: 339 | F49: 3 | G49: 19183 | H49: 299 | I49: 26890 | J49: 0 | K49: 0 | L49: 3741667 | M49: 0 | N49: 0 | O49: 0 | P49: 0 | Q49: 0 | R49: 0 | S49: 0 | T49: 0 | U49: 285662 | V49: 481989.05 | W49: 146765 | X49: 415522.81 | Y49: 0 | Z49: 0 | AA49: 1061583 | AB49: 3540171.8 | AC49: 0 | AD49: 0 | AE49: 0 | AF49: 4437683.7 | AG49: DC High
A50: 255 | B50: 44743 | C50: Small Finance Banks | D50: Fincare Small Finance Bank | E50: 126 | F50: 0 | G50: 0 | H50: 0 | I50: 0 | J50: 0 | K50: 0 | L50: 3631296 | M50: 0 | N50: 0 | O50: 0 | P50: 0 | Q50: 0 | R50: 0 | S50: 0 | T50: 0 | U50: 53116 | V50: 58136.56 | W50: 5810 | X50: 9469.26 | Y50: 0 | Z50: 0 | AA50: 602486 | AB50: 2665298 | AC50: 0 | AD50: 0 | AE50: 0 | AF50: 2732903.8 | AG50: DC High
A51: 267 | B51: 44743 | C51: Small Finance Banks | D51: Jana Small Finance Bank | E51: 60 | F51: 2 | G51: 0 | H51: 164 | I51: 0 | J51: 494034 | K51: 0 | L51: 2472660 | M51: 0 | N51: 0 | O51: 0 | P51: 0 | Q51: 0 | R51: 0 | S51: 0 | T51: 0 | U51: 60263 | V51: 90087.72 | W51: 10810 | X51: 23190.07 | Y51: 0 | Z51: 0 | AA51: 293315 | AB51: 1444265.4 | AC51: 0 | AD51: 0 | AE51: 0 | AF51: 1557543.1 | AG51: DC High
... A71: 369 | B71: 44805 | C71: Small Finance Banks | D71: Equitas Small Finance Bank | E71: 342 | F71: 3 | G71: 19532 | H71: 294 | I71: 30963 | J71: 0 | K71: 0 | L71: 3524974 | M71: 0 | N71: 0 | O71: 0 | P71: 0 | Q71: 0 | R71: 0 | S71: 0 | T71: 0 | U71: 278588 | V71: 543436.53 | W71: 161379 | X71: 429863.69 | Y71: 0 | Z71: 0 | AA71: 1101915 | AB71: 4039703.1 | AC71: 0 | AD71: 0 | AE71: 0 | AF71: 5013003.3 | AG71: DC High
A72: 371 | B72: 44805 | C72: Small Finance Banks | D72: Fincare Small Finance Bank | E72: 131 | G72: 0 | H72: 0 | I72: 0 | J72: 0 | K72: 0 | L72: 3815376 | M72: 0 | N72: 0 | O72: 0 | P72: 0 | Q72: 0 | R72: 0 | S72: 0 | T72: 0 | U72: 49192 | V72: 54595.48 | W72: 5048 | X72: 9376.88 | Y72: 0 | Z72: 0 | AA72: 674057 | AB72: 3284131.8 | AC72: 0 | AD72: 0 | AE72: 0 | AF72: 3348104.2 | AG72: DC High
A73: 383 | B73: 44805 | C73: Small Finance Banks | D73: Jana Small Finance Bank | E73: 59 | F73: 2 | G73: 0 | H73: 164 | I73: 0 | J73: 494252 | K73: 0 | L73: 2539700 | M73: 0 | N73: 0 | O73: 0 | P73: 0 | Q73: 0 | R73: 0 | S73: 0 | T73: 0 | U73: 58420 | V73: 88466.17 | W73: 9147 | X73: 20061.55 | Y73: 0 | Z73: 0 | AA73: 317375 | AB73: 1563143.7 | AC73: 0 | AD73: 0 | AE73: 0 | AF73: 1671671.4 | AG73: DC High
A74: 389 | B74: 44805 | C74: Small Finance Banks | D74: North East Small Finance Bank | E74: 8 | F74: 1 | G74: 0 | H74: 0 | I74: 0 | J74: 0 | K74: 0 | L74: 344870 | M74: 0 | N74: 0 | O74: 0 | P74: 0 | Q74: 0 | R74: 0 | S74: 0 | T74: 0 | U74: 16546 | V74: 23765.46 | W74: 0 | X74: 0 | Y74: 0 | Z74: 0 | AA74: 53455 | AB74: 213908.35 | AC74: 0 | AD74: 0 | AE74: 0 | AF74: 237673.81 | AG74: DC High
A75: 398 | B75: 44805 | C75: Small Finance Banks | D75: Suryoday Small Finance Bank | E75: 0 | F75: 0 | G75: 0 | H75: 67 | I75: 0 | J75: 0 | K75: 0 | L75: 541740 | M75: 0 | N75: 0 | O75: 0 | P75: 0 | Q75: 0 | R75: 0 | S75: 0 | T75: 0 | U75: 4744 | V75: 6501.66 | W75: 324 | X75: 1220.77 | Y75: 0 | Z75: 0 | AA75: 16701 | AB75: 64244.1 | AC75: 0 | AD75: 0 | AE75: 0 | AF75: 71966.53 | AG75: DC High
A76: 401 | B76: 44805 | C76: Small Finance Banks | D76: Ujjivan Small Finance Bank | E76: 499 | F76: 3 | G76: 0 | H76: 0 | I76: 0 | J76: 215993 | K76: 0 | L76: 7753141 | M76: 0 | N76: 0 | O76: 0 | P76: 0 | Q76: 0 | R76: 0 | S76: 0 | T76: 0 | U76: 335839 | V76: 484761.59 | W76: 143570 | X76: 280032.33 | Y76: 0 | Z76: 0 | AA76: 3312936 | AB76: 14433724 | AC76: 169 | AD76: 161.1 | AE76: 0 | AF76: 15198679 | AG76: DC High
A77: 403 | B77: 44805 | C77: Small Finance Banks | D77: Unity Small Finance Bank | E77: 231 | G77: 0 | H77: 0 | I77: 0 | J77: 0 | K77: 0 | L77: 537288 | M77: 0 | N77: 0 | O77: 0 | P77: 0 | Q77: 0 | R77: 0 | S77: 0 | T77: 0 | U77: 0 | V77: 0 | W77: 0 | X77: 0 | Y77: 0 | Z77: 0 | AA77: 544 | AB77: 1917.4 | AC77: 0 | AD77: 0 | AE77: 0 | AF77: 1917.4 | AG77: DC High
A78: 404 | B78: 44805 | C78: Small Finance Banks | D78: Utkarsh Small Finance Bank | E78: 238 | F78: 7 | G78: 0 | H78: 481 | I78: 0 | J78: 10830 | K78: 0 | L78: 1436759 | M78: 0 | N78: 0 | O78: 0 | P78: 0 | Q78: 0 | R78: 0 | S78: 0 | T78: 0 | U78: 42023 | V78: 66613.85 | W78: 12067 | X78: 22276.5 | Y78: 0 | Z78: 0 | AA78: 624797 | AB78: 1906913.2 | AC78: 0 | AD78: 0 | AE78: 0 | AF78: 1995803.5 | AG78: DC High
A79: 406 | B79: 44835 | C79: Small Finance Banks | D79: AU Small Finance Bank | E79: 471 | F79: 3 | G79: 0 | H79: 347 | I79: 0 | J79: 831569 | K79: 338088 | L79: 2273026 | M79: 528441 | N79: 2972376.6 | O79: 503983 | P79: 3251212.1 | Q79: 1161 | R79: 561.89 | S79: 5498 | T79: 34185.4 | U79: 263411 | V79: 687770.29 | W79: 211805 | X79: 644002.79 | Y79: 231 | Z79: 3789.96 | AA79: 1004888 | AB79: 6489408.5 | AC79: 273 | AD79: 276 | AE79: 6258336 | AF79: 7825247.5 | AG79: DC High
A80: 418 | B80: 44835 | C80: Small Finance Banks | D80: Capital Small Finance Bank | E80: 166 | F80: 2 | G80: 0 | H80: 0 | I80: 0 | J80: 0 | K80: 0 | L80: 200649 | M80: 0 | N80: 0 | O80: 0 | P80: 0 | Q80: 0 | R80: 0 | S80: 0 | T80: 0 | U80: 44838 | V80: 136555.6 | W80: 14124 | X80: 35667.23 | Y80: 0 | Z80: 0 | AA80: 138478 | AB80: 741884.41 | AC80: 0 | AD80: 0 | AE80: 0 | AF80: 914107.24 | AG80: DC High
A81: 426 | B81: 44835 | C81: Small Finance Banks | D81: ESAF Small Finance Bank | E81: 461 | F81: 2 | G81: 0 | H81: 1527 | I81: 0 | J81: 0 | K81: 0 | L81: 4743448 | M81: 0 | N81: 0 | O81: 0 | P81: 0 | Q81: 0 | R81: 0 | S81: 0 | T81: 0 | U81: 273799 | V81: 342208.52 | W81: 21486 | X81: 33567.2 | Y81: 0 | Z81: 0 | AA81: 858785 | AB81: 3733994.6 | AC81: 72 | AD81: 47.7 | AE81: 0 | AF81: 4109818 | AG81: DC High
A82: 427 | B82: 44835 | C82: Small Finance Banks | D82: Equitas Small Finance Bank | E82: 344 | F82: 3 | G82: 19712 | H82: 286 | I82: 32859 | J82: 0 | K82: 0 | L82: 3150936 | M82: 0 | N82: 0 | O82: 0 | P82: 0 | Q82: 0 | R82: 0 | S82: 0 | T82: 0 | U82: 286866 | V82: 485253.44 | W82: 94465 | X82: 340191.58 | Y82: 0 | Z82: 0 | AA82: 1180801 | AB82: 3670172.6 | AC82: 0 | AD82: 0 | AE82: 0 | AF82: 4495617.7 | AG82: DC High
A83: 429 | B83: 44835 | C83: Small Finance Banks | D83: Fincare Small Finance Bank | E83: 134 | F83: 0 | G83: 0 | H83: 0 | I83: 0 | J83: 0 | K83: 0 | L83: 3909499 | M83: 0 | N83: 0 | O83: 0 | P83: 0 | Q83: 0 | R83: 0 | S83: 0 | T83: 0 | U83: 52757 | V83: 67978.44 | W83: 6642 | X83: 11032.29 | Y83: 0 | Z83: 0 | AA83: 719585 | AB83: 3455405.2 | AC83: 0 | AD83: 0 | AE83: 0 | AF83: 3534415.9 | AG83: DC High
A84: 441 | B84: 44835 | C84: Small Finance Banks | D84: Jana Small Finance Bank | E84: 59 | F84: 2 | G84: 0 | H84: 164 | I84: 0 | J84: 494324 | K84: 0 | L84: 2563349 | M84: 0 | N84: 0 | O84: 0 | P84: 0 | Q84: 0 | R84: 0 | S84: 0 | T84: 0 | U84: 61963 | V84: 97827.61 | W84: 10051 | X84: 21469.45 | Y84: 0 | Z84: 0 | AA84: 292229 | AB84: 1400315.1 | AC84: 0 | AD84: 0 | AE84: 0 | AF84: 1519612.2 | AG84: DC High
A85: 448 | B85: 44835 | C85: Small Finance Banks | D85: North East Small Finance Bank | E85: 8 | F85: 1 | G85: 0 | H85: 0 | I85: 0 | J85: 0 | K85: 0 | L85: 352283 | M85: 0 | N85: 0 | O85: 0 | P85: 0 | Q85: 0 | R85: 0 | S85: 0 | T85: 0 | U85: 15833 | V85: 23511.85 | W85: 0 | X85: 0 | Y85: 0 | Z85: 0 | AA85: 52246 | AB85: 200826.2 | AC85: 0 | AD85: 0 | AE85: 0 | AF85: 224338.05 | AG85: DC High
A86: 454 | B86: 44835 | C86: Small Finance Banks | D86: Shivalik Small Finance Bank | G86: 78 | H86: 311 | I86: 0 | J86: 42 | K86: 0 | L86: 85148 | M86: 0 | N86: 0 | O86: 0 | P86: 0 | Q86: 0 | R86: 0 | S86: 0 | T86: 0 | U86: 6771 | V86: 14943.38 | W86: 5352 | X86: 17221.14 | Y86: 0 | Z86: 0 | AA86: 36736 | AB86: 196038.2 | AC86: 0 | AD86: 0 | AE86: 0 | AF86: 228202.72 | AG86: DC High
A87: 458 | B87: 44835 | C87: Small Finance Banks | D87: Suryoday Small Finance Bank | E87: 0 | F87: 0 | G87: 0 | H87: 67 | I87: 0 | J87: 0 | K87: 0 | L87: 557836 | M87: 0 | N87: 0 | O87: 0 | P87: 0 | Q87: 0 | R87: 0 | S87: 0 | T87: 0 | U87: 8757 | V87: 14315.43 | W87: 889 | X87: 4100.1 | Y87: 0 | Z87: 0 | AA87: 57500 | AB87: 187923.73 | AC87: 0 | AD87: 0 | AE87: 0 | AF87: 206339.26 | AG87: DC High
A88: 461 | B88: 44835 | C88: Small Finance Banks | D88: Ujjivan Small Finance Bank | E88: 503 | F88: 3 | G88: 0 | H88: 0 | I88: 0 | J88: 267067 | K88: 0 | L88: 7816015 | M88: 0 | N88: 0 | O88: 0 | P88: 0 | Q88: 0 | R88: 0 | S88: 0 | T88: 0 | U88: 333966 | V88: 517058.69 | W88: 132967 | X88: 260411.31 | Y88: 0 | Z88: 0 | AA88: 3179740 | AB88: 13020293 | AC88: 183 | AD88: 187.88 | AE88: 0 | AF88: 13797951 | AG88: DC High
A89: 463 | B89: 44835 | C89: Small Finance Banks | D89: Unity Small Finance Bank | E89: 231 | F89: 0 | G89: 0 | H89: 0 | I89: 0 | J89: 0 | K89: 0 | L89: 537286 | M89: 0 | N89: 0 | O89: 0 | P89: 0 | Q89: 0 | R89: 0 | S89: 0 | T89: 0 | U89: 0 | V89: 0 | W89: 0 | X89: 0 | Y89: 0 | Z89: 0 | AA89: 338 | AB89: 1083.1 | AC89: 0 | AD89: 0 | AE89: 0 | AF89: 1083.1 | AG89: DC High
A90: 464 | B90: 44835 | C90: Small Finance Banks | D90: Utkarsh Small Finance Bank | E90: 247 | F90: 7 | G90: 0 | H90: 486 | I90: 0 | J90: 11535 | K90: 0 | L90: 1448595 | M90: 0 | N90: 0 | O90: 0 | P90: 0 | Q90: 0 | R90: 0 | S90: 0 | T90: 0 | U90: 43516 | V90: 73983.58 | W90: 10483 | X90: 19779.27 | Y90: 0 | Z90: 0 | AA90: 378866 | AB90: 1403189.8 | AC90: 0 | AD90: 0 | AE90: 0 | AF90: 1496952.7 | AG90: DC High
A91: 466 | B91: 44866 | C91: Small Finance Banks | D91: AU Small Finance Bank | E91: 471 | F91: 3 | G91: 0 | H91: 350 | I91: 0 | J91: 859031 | K91: 357802 | L91: 2323549 | M91: 501905 | N91: 2734229.9 | O91: 522306 | P91: 3207152.4 | Q91: 1334 | R91: 645.62 | S91: 5228 | T91: 32379.1 | U91: 238277 | V91: 603205.64 | W91: 215137 | X91: 582548.75 | Y91: 181 | Z91: 2577.96 | AA91: 923115 | AB91: 5961811.6 | AC91: 329 | AD91: 325.9 | AE91: 5974407 | AF91: 7150469.8 | AG91: DC High
A92: 478 | B92: 44866 | C92: Small Finance Banks | D92: Capital Small Finance Bank | E92: 166 | F92: 2 | G92: 0 | H92: 0 | I92: 0 | J92: 0 | K92: 0 | L92: 202896 | M92: 0 | N92: 0 | O92: 0 | P92: 0 | Q92: 0 | R92: 0 | S92: 0 | T92: 0 | U92: 44256 | V92: 141555.31 | W92: 12654 | X92: 34262.85 | Y92: 0 | Z92: 0 | AA92: 133603 | AB92: 763166.07 | AC92: 0 | AD92: 0 | AE92: 0 | AF92: 938984.23 | AG92: DC High
A93: 486 | B93: 44866 | C93: Small Finance Banks | D93: ESAF Small Finance Bank | E93: 461 | F93: 2 | G93: 0 | H93: 1690 | I93: 0 | J93: 0 | K93: 0 | L93: 4817166 | M93: 0 | N93: 0 | O93: 0 | P93: 0 | Q93: 0 | R93: 0 | S93: 0 | T93: 0 | U93: 253497 | V93: 317424.3 | W93: 19429 | X93: 32853.21 | Y93: 0 | Z93: 0 | AA93: 865527 | AB93: 3939465 | AC93: 61 | AD93: 40.35 | AE93: 0 | AF93: 4289782.8 | AG93: DC High
A94: 487 | B94: 44866 | C94: Small Finance Banks | D94: Equitas Small Finance Bank | E94: 344 | F94: 3 | G94: 20526 | H94: 287 | I94: 35428 | J94: 0 | K94: 0 | L94: 3201634 | M94: 0 | N94: 0 | O94: 0 | P94: 0 | Q94: 0 | R94: 0 | S94: 0 | T94: 0 | U94: 241651 | V94: 391138.71 | W94: 89836 | X94: 355101.5 | Y94: 0 | Z94: 0 | AA94: 1146552 | AB94: 2548472.4 | AC94: 0 | AD94: 0 | AE94: 0 | AF94: 3294712.6 | AG94: DC High
A95: 489 | B95: 44866 | C95: Small Finance Banks | D95: Fincare Small Finance Bank | E95: 134 | F95: 0 | G95: 0 | H95: 0 | I95: 0 | J95: 0 | K95: 0 | L95: 4025060 | M95: 0 | N95: 0 | O95: 0 | P95: 0 | Q95: 0 | R95: 0 | S95: 0 | T95: 0 | U95: 46880 | V95: 58465.5 | W95: 6984 | X95: 11025.07 | Y95: 0 | Z95: 0 | AA95: 721030 | AB95: 3614609 | AC95: 0 | AD95: 0 | AE95: 0 | AF95: 3684099.5 | AG95: DC High
A96: 501 | B96: 44866 | C96: Small Finance Banks | D96: Jana Small Finance Bank | E96: 59 | F96: 2 | G96: 0 | H96: 164 | I96: 0 | J96: 494458 | K96: 0 | L96: 2593910 | M96: 0 | N96: 0 | O96: 0 | P96: 0 | Q96: 0 | R96: 0 | S96: 0 | T96: 0 | U96: 48204 | V96: 74633.16 | W96: 8605 | X96: 16961.22 | Y96: 0 | Z96: 0 | AA96: 263626 | AB96: 1288746.6 | AC96: 0 | AD96: 0 | AE96: 0 | AF96: 1380340.9 | AG96: DC High
A97: 508 | B97: 44866 | C97: Small Finance Banks | D97: North East Small Finance Bank | E97: 8 | F97: 1 | G97: 0 | H97: 0 | I97: 0 | J97: 0 | K97: 0 | L97: 362093 | M97: 0 | N97: 0 | O97: 0 | P97: 0 | Q97: 0 | R97: 0 | S97: 0 | T97: 0 | U97: 14587 | V97: 20867.88 | W97: 0 | X97: 0 | Y97: 0 | Z97: 0 | AA97: 54427 | AB97: 207878.14 | AC97: 0 | AD97: 0 | AE97: 0 | AF97: 228746.02 | AG97: DC High
A98: 514 | B98: 44866 | C98: Small Finance Banks | D98: Shivalik Small Finance Bank | G98: 77 | H98: 295 | I98: 0 | J98: 42 | K98: 0 | L98: 86664 | M98: 0 | N98: 0 | O98: 0 | P98: 0 | Q98: 0 | R98: 0 | S98: 0 | T98: 0 | U98: 6250 | V98: 12187.81 | W98: 5501 | X98: 15724.57 | Y98: 0 | Z98: 0 | AA98: 33592 | AB98: 178512.2 | AC98: 0 | AD98: 0 | AE98: 0 | AF98: 206424.58 | AG98: DC High
A99: 518 | B99: 44866 | C99: Small Finance Banks | D99: Suryoday Small Finance Bank | E99: 0 | F99: 0 | G99: 0 | H99: 67 | I99: 0 | J99: 0 | K99: 0 | L99: 536547 | M99: 0 | N99: 0 | O99: 0 | P99: 0 | Q99: 0 | R99: 0 | S99: 0 | T99: 0 | U99: 9884 | V99: 15405.01 | W99: 1507 | X99: 4634.99 | Y99: 0 | Z99: 0 | AA99: 75139 | AB99: 203809.85 | AC99: 0 | AD99: 0 | AE99: 0 | AF99: 223849.85 | AG99: DC High
A100: 521 | B100: 44866 | C100: Small Finance Banks | D100: Ujjivan Small Finance Bank | E100: 503 | F100: 3 | G100: 0 | H100: 0 | I100: 0 | J100: 288021 | K100: 0 | L100: 7916119 | M100: 0 | N100: 0 | O100: 0 | P100: 0 | Q100: 0 | R100: 0 | S100: 0 | T100: 0 | U100: 287282 | V100: 414613.67 | W100: 122146 | X100: 240677.03 | Y100: 0 | Z100: 0 | AA100: 2941219 | AB100: 12093823 | AC100: 136 | AD100: 141.4 | AE100: 0 | AF100: 12749255 | AG100: DC High
A101: 523 | B101: 44866 | C101: Small Finance Banks | D101: Unity Small Finance Bank | E101: 231 | F101: 0 | G101: 0 | H101: 0 | I101: 0 | J101: 0 | K101: 0 | L101: 537283 | M101: 0 | N101: 0 | O101: 0 | P101: 0 | Q101: 0 | R101: 0 | S101: 0 | T101: 0 | U101: 0 | V101: 0 | W101: 0 | X101: 0 | Y101: 0 | Z101: 0 | AA101: 288 | AB101: 1076 | AC101: 0 | AD101: 0 | AE101: 0 | AF101: 1076 | AG101: DC High
A102: 524 | B102: 44866 | C102: Small Finance Banks | D102: Utkarsh Small Finance Bank | E102: 247 | F102: 7 | G102: 0 | H102: 500 | I102: 0 | J102: 12633 | K102: 0 | L102: 1465531 | M102: 0 | N102: 0 | O102: 0 | P102: 0 | Q102: 0 | R102: 0 | S102: 0 | T102: 0 | U102: 39675 | V102: 66786.82 | W102: 9921 | X102: 18161.68 | Y102: 4 | Z102: 0.12 | AA102: 289966 | AB102: 1173145.4 | AC102: 0 | AD102: 0 | AE102: 0 | AF102: 1258094 | AG102: DC High
A103: 527 | B103: 44896 | C103: Small Finance Banks | D103: AU Small Finance Bank | E103: 484 | F103: 3 | G103: 0 | H103: 354 | I103: 0 | J103: 892176 | K103: 386244 | L103: 2374341 | M103: 567566 | N103: 3205698.6 | O103: 648213 | P103: 4178977.8 | Q103: 1405 | R103: 697.9 | S103: 5823 | T103: 35619.4 | U103: 248673 | V103: 641129.92 | W103: 226700 | X103: 696964.62 | Y103: 235 | Z103: 4029.28 | AA103: 976392 | AB103: 6280062.5 | AC103: 361 | AD103: 365.9 | AE103: 7420993.7 | AF103: 7622552.2 | AG103: DC High
A104: 539 | B104: 44896 | C104: Small Finance Banks | D104: Capital Small Finance Bank | E104: 168 | F104: 2 | G104: 0 | H104: 0 | I104: 0 | J104: 0 | K104: 0 | L104: 205230 | M104: 0 | N104: 0 | O104: 0 | P104: 0 | Q104: 0 | R104: 0 | S104: 0 | T104: 0 | U104: 41653 | V104: 119457.9 | W104: 12164 | X104: 32801.02 | Y104: 0 | Z104: 0 | AA104: 132272 | AB104: 738037.22 | AC104: 0 | AD104: 0 | AE104: 0 | AF104: 890296.14 | AG104: DC High
A105: 547 | B105: 44896 | C105: Small Finance Banks | D105: ESAF Small Finance Bank | E105: 486 | F105: 2 | G105: 0 | H105: 1752 | I105: 0 | J105: 0 | K105: 0 | L105: 4890212 | M105: 0 | N105: 0 | O105: 0 | P105: 0 | Q105: 0 | R105: 0 | S105: 0 | T105: 0 | U105: 268828 | V105: 355319.49 | W105: 18642 | X105: 35265.69 | Y105: 0 | Z105: 0 | AA105: 967154 | AB105: 4458117.4 | AC105: 67 | AD105: 49.1 | AE105: 0 | AF105: 4848751.7 | AG105: DC High
A106: 548 | B106: 44896 | C106: Small Finance Banks | D106: Equitas Small Finance Bank | E106: 344 | F106: 3 | G106: 21283 | H106: 287 | I106: 38771 | J106: 0 | K106: 0 | L106: 3242688 | M106: 0 | N106: 0 | O106: 0 | P106: 0 | Q106: 0 | R106: 0 | S106: 0 | T106: 0 | U106: 254499 | V106: 418630.47 | W106: 90480 | X106: 395386.31 | Y106: 0 | Z106: 0 | AA106: 1252507 | AB106: 3598366.7 | AC106: 0 | AD106: 0 | AE106: 0 | AF106: 4412383.5 | AG106: DC High
A107: 550 | B107: 44896 | C107: Small Finance Banks | D107: Fincare Small Finance Bank | E107: 136 | F107: 0 | G107: 0 | H107: 0 | I107: 0 | J107: 0 | K107: 0 | L107: 4143834 | M107: 0 | N107: 0 | O107: 0 | P107: 0 | Q107: 0 | R107: 0 | S107: 0 | T107: 0 | U107: 49107 | V107: 60320.59 | W107: 6722 | X107: 10736.35 | Y107: 0 | Z107: 0 | AA107: 816665 | AB107: 4131047.2 | AC107: 0 | AD107: 0 | AE107: 0 | AF107: 4202104.2 | AG107: DC High
A108: 562 | B108: 44896 | C108: Small Finance Banks | D108: Jana Small Finance Bank | E108: 59 | F108: 2 | G108: 0 | H108: 164 | I108: 0 | J108: 494540 | K108: 0 | L108: 2628700 | M108: 0 | N108: 0 | O108: 0 | P108: 0 | Q108: 0 | R108: 0 | S108: 0 | T108: 0 | U108: 55748 | V108: 88204.5 | W108: 9646 | X108: 20625.07 | Y108: 0 | Z108: 0 | AA108: 337642 | AB108: 1720176.5 | AC108: 0 | AD108: 0 | AE108: 0 | AF108: 1829006.1 | AG108: DC High
A109: 569 | B109: 44896 | C109: Small Finance Banks | D109: North East Small Finance Bank | E109: 9 | F109: 1 | G109: 0 | H109: 0 | I109: 0 | J109: 0 | K109: 0 | L109: 373413 | M109: 0 | N109: 0 | O109: 0 | P109: 0 | Q109: 0 | R109: 0 | S109: 0 | T109: 0 | U109: 16972 | V109: 23327.33 | W109: 0 | X109: 0 | Y109: 0 | Z109: 0 | AA109: 56924 | AB109: 223573.09 | AC109: 0 | AD109: 0 | AE109: 0 | AF109: 246900.42 | AG109: DC High
A110: 575 | B110: 44896 | C110: Small Finance Banks | D110: Shivalik Small Finance Bank | E110: 31 | F110: 1 | G110: 77 | H110: 295 | I110: 0 | J110: 447 | K110: 0 | L110: 86681 | M110: 0 | N110: 0 | O110: 0 | P110: 0 | Q110: 0 | R110: 0 | S110: 0 | T110: 0 | U110: 6362 | V110: 13509.86 | W110: 5691 | X110: 16552.29 | Y110: 0 | Z110: 0 | AA110: 35686 | AB110: 187555.6 | AC110: 0 | AD110: 0 | AE110: 0 | AF110: 217617.75 | AG110: DC High
... A161: 828 | B161: 45017 | C161: Small Finance Banks | D161: Unity Small Finance Bank | E161: 288 | F161: 7 | G161: 0 | H161: 0 | I161: 0 | J161: 0 | K161: 0 | L161: 0 | M161: 0 | N161: 0 | O161: 0 | P161: 0 | Q161: 0 | R161: 0 | S161: 0 | T161: 0 | U161: 0 | V161: 0 | W161: 0 | X161: 0 | Y161: 0 | Z161: 0 | AA161: 0 | AB161: 0 | AC161: 0 | AD161: 0 | AE161: 0 | AF161: 0 | AG161: DC High
A162: 829 | B162: 45017 | C162: Small Finance Banks | D162: Utkarsh Small Finance Bank | G162: 0 | H162: 546 | I162: 0 | J162: 17418 | K162: 0 | L162: 1609810 | M162: 0 | N162: 0 | O162: 0 | P162: 0 | Q162: 0 | R162: 0 | S162: 0 | T162: 0 | U162: 39103 | V162: 72334.66 | W162: 9484 | X162: 23450.7 | Y162: 14 | Z162: 167.75 | AA162: 335838 | AB162: 1419993.9 | AC162: 0 | AD162: 0 | AE162: 0 | AF162: 1515947 | AG162: DC High
A163: 832 | B163: 45047 | C163: Small Finance Banks | D163: AU Small Finance Bank | E163: 491 | F163: 2 | G163: 0 | H163: 374 | I163: 0 | J163: 1066782 | K163: 576927 | L163: 2564004 | M163: 816616 | N163: 4826511 | O163: 931457 | P163: 7030375.6 | Q163: 1320 | R163: 716.84 | S163: 4887 | T163: 28481.6 | U163: 228026 | V163: 553791.52 | W163: 227144 | X163: 698461.24 | Y163: 192 | Z163: 3924.99 | AA163: 1024915 | AB163: 6771314.3 | AC163: 564 | AD163: 566.8 | AE163: 11886085 | AF163: 8028058.9 | AG163: CC High
A164: 844 | B164: 45047 | C164: Small Finance Banks | D164: Capital Small Finance Bank | E164: 170 | F164: 2 | G164: 0 | H164: 0 | I164: 0 | J164: 0 | K164: 0 | L164: 252024 | M164: 0 | N164: 0 | O164: 0 | P164: 0 | Q164: 0 | R164: 0 | S164: 0 | T164: 0 | U164: 38298 | V164: 105459.08 | W164: 9711 | X164: 27233.02 | Y164: 0 | Z164: 0 | AA164: 132849 | AB164: 731880.98 | AC164: 0 | AD164: 0 | AE164: 0 | AF164: 864573.08 | AG164: DC High
A165: 852 | B165: 45047 | C165: Small Finance Banks | D165: ESAF Small Finance Bank | E165: 550 | F165: 3 | G165: 0 | H165: 2085 | I165: 0 | J165: 0 | K165: 0 | L165: 4964578 | M165: 0 | N165: 0 | O165: 0 | P165: 0 | Q165: 0 | R165: 0 | S165: 0 | T165: 0 | U165: 267985 | V165: 377133.48 | W165: 19844 | X165: 38063.81 | Y165: 0 | Z165: 0 | AA165: 1009371 | AB165: 4808342.6 | AC165: 25 | AD165: 16.9 | AE165: 0 | AF165: 5223556.8 | AG165: DC High
A166: 853 | B166: 45047 | C166: Small Finance Banks | D166: Equitas Small Finance Bank | E166: 348 | F166: 3 | G166: 24636 | H166: 303 | I166: 50609 | J166: 0 | K166: 0 | L166: 3352093 | M166: 0 | N166: 0 | O166: 0 | P166: 0 | Q166: 0 | R166: 0 | S166: 0 | T166: 0 | U166: 205910 | V166: 370627.56 | W166: 58516 | X166: 301848.98 | Y166: 0 | Z166: 0 | AA166: 2613255 | AB166: 8553400.6 | AC166: 0 | AD166: 0 | AE166: 0 | AF166: 9225877.1 | AG166: DC High
A167: 855 | B167: 45047 | C167: Small Finance Banks | D167: Fincare Small Finance Bank | E167: 146 | F167: 0 | G167: 0 | H167: 247 | I167: 0 | J167: 10138 | K167: 0 | L167: 4628548 | M167: 0 | N167: 0 | O167: 0 | P167: 0 | Q167: 0 | R167: 0 | S167: 0 | T167: 0 | U167: 48176 | V167: 66161.34 | W167: 6778 | X167: 13936.64 | Y167: 0 | Z167: 0 | AA167: 895736 | AB167: 4595699.6 | AC167: 0 | AD167: 0 | AE167: 0 | AF167: 4675797.6 | AG167: DC High
A168: 867 | B168: 45047 | C168: Small Finance Banks | D168: Jana Small Finance Bank | E168: 59 | F168: 2 | G168: 0 | H168: 164 | I168: 0 | J168: 494822 | K168: 0 | L168: 2830420 | M168: 0 | N168: 0 | O168: 0 | P168: 0 | Q168: 0 | R168: 0 | S168: 0 | T168: 0 | U168: 54554 | V168: 100156.22 | W168: 8564 | X168: 23358.52 | Y168: 0 | Z168: 0 | AA168: 370394 | AB168: 1888395.4 | AC168: 0 | AD168: 0 | AE168: 0 | AF168: 2011910.1 | AG168: DC High
A169: 874 | B169: 45047 | C169: Small Finance Banks | D169: North East Small Finance Bank | E169: 13 | F169: 1 | G169: 0 | H169: 0 | I169: 0 | J169: 0 | K169: 0 | L169: 393695 | M169: 0 | N169: 0 | O169: 0 | P169: 0 | Q169: 0 | R169: 0 | S169: 0 | T169: 0 | U169: 3298 | V169: 4303.28 | W169: 0 | X169: 0 | Y169: 0 | Z169: 0 | AA169: 29664 | AB169: 107081.1 | AC169: 0 | AD169: 0 | AE169: 0 | AF169: 111384.38 | AG169: DC High
A170: 880 | B170: 45047 | C170: Small Finance Banks | D170: Shivalik Small Finance Bank | E170: 27 | F170: 1 | G170: 0 | H170: 279 | I170: 0 | J170: 0 | K170: 0 | L170: 86552 | M170: 0 | N170: 0 | O170: 0 | P170: 0 | Q170: 0 | R170: 0 | S170: 0 | T170: 0 | U170: 5941 | V170: 12434.7 | W170: 4817 | X170: 16510.97 | Y170: 0 | Z170: 0 | AA170: 35813 | AB170: 186449.3 | AC170: 0 | AD170: 0 | AE170: 0 | AF170: 215394.97 | AG170: DC High
A171: 884 | B171: 45047 | C171: Small Finance Banks | D171: Suryoday Small Finance Bank | E171: 0 | F171: 0 | G171: 0 | H171: 67 | I171: 0 | J171: 0 | K171: 0 | L171: 585684 | M171: 0 | N171: 0 | O171: 0 | P171: 0 | Q171: 0 | R171: 0 | S171: 0 | T171: 0 | U171: 32008 | V171: 35611.16 | W171: 1544 | X171: 4497.93 | Y171: 0 | Z171: 0 | AA171: 317052 | AB171: 597434.78 | AC171: 0 | AD171: 0 | AE171: 0 | AF171: 637543.87 | AG171: DC High
A172: 887 | B172: 45047 | C172: Small Finance Banks | D172: Ujjivan Small Finance Bank | E172: 519 | F172: 3 | G172: 0 | H172: 0 | I172: 0 | J172: 420538 | K172: 0 | L172: 8972099 | M172: 0 | N172: 0 | O172: 0 | P172: 0 | Q172: 0 | R172: 0 | S172: 0 | T172: 0 | U172: 271669 | V172: 448275.17 | W172: 108660 | X172: 252345.12 | Y172: 0 | Z172: 0 | AA172: 3528310 | AB172: 15769151 | AC172: 91 | AD172: 88.5 | AE172: 0 | AF172: 16469860 | AG172: DC High
A173: 889 | B173: 45047 | C173: Small Finance Banks | D173: Unity Small Finance Bank | E173: 231 | F173: 0 | G173: 0 | H173: 0 | I173: 0 | J173: 0 | K173: 0 | L173: 0 | M173: 0 | N173: 0 | O173: 0 | P173: 0 | Q173: 0 | R173: 0 | S173: 0 | T173: 0 | U173: 0 | V173: 0 | W173: 0 | X173: 0 | Y173: 0 | Z173: 0 | AA173: 0 | AB173: 0 | AC173: 0 | AD173: 0 | AE173: 0 | AF173: 0 | AG173: DC High
A174: 890 | B174: 45047 | C174: Small Finance Banks | D174: Utkarsh Small Finance Bank | E174: 291 | F174: 7 | G174: 0 | H174: 546 | I174: 0 | J174: 18995 | K174: 0 | L174: 1654364 | M174: 0 | N174: 0 | O174: 0 | P174: 0 | Q174: 0 | R174: 0 | S174: 0 | T174: 0 | U174: 38812 | V174: 69443.47 | W174: 10903 | X174: 26481.4 | Y174: 21 | Z174: 166.51 | AA174: 339537 | AB174: 1420381.1 | AC174: 0 | AD174: 0 | AE174: 0 | AF174: 1516472.5 | AG174: DC High
... A178: 914 | B178: 45078 | C178: Small Finance Banks | D178: Equitas Small Finance Bank | E178: 349 | F178: 3 | G178: 25138 | H178: 303 | I178: 52249 | J178: 0 | K178: 0 | L178: 3380395 | M178: 0 | N178: 0 | O178: 0 | P178: 0 | Q178: 0 | R178: 0 | S178: 0 | T178: 0 | U178: 196672 | V178: 362997.87 | W178: 51916 | X178: 234061.56 | Y178: 0 | Z178: 0 | AA178: 3104893 | AB178: 8430684.9 | AC178: 0 | AD178: 0 | AE178: 0 | AF178: 9027744.3 | AG178: DC High
A179: 916 | B179: 45078 | C179: Small Finance Banks | D179: Fincare Small Finance Bank | E179: 146 | G179: 0 | H179: 252 | I179: 0 | J179: 13134 | K179: 0 | L179: 4747356 | M179: 0 | N179: 0 | O179: 0 | P179: 0 | Q179: 0 | R179: 0 | S179: 0 | T179: 0 | U179: 47700 | V179: 62974.11 | W179: 6459 | X179: 15522.74 | Y179: 0 | Z179: 0 | AA179: 921634 | AB179: 4754872 | AC179: 0 | AD179: 0 | AE179: 0 | AF179: 4833368.8 | AG179: DC High
A180: 928 | B180: 45078 | C180: Small Finance Banks | D180: Jana Small Finance Bank | E180: 59 | F180: 2 | G180: 0 | H180: 164 | I180: 0 | J180: 494869 | K180: 0 | L180: 2866216 | M180: 0 | N180: 0 | O180: 0 | P180: 0 | Q180: 0 | R180: 0 | S180: 0 | T180: 0 | U180: 49857 | V180: 91110.03 | W180: 7953 | X180: 20929.3 | Y180: 0 | Z180: 0 | AA180: 332922 | AB180: 1675134.8 | AC180: 0 | AD180: 0 | AE180: 0 | AF180: 1787174.2 | AG180: DC High
A181: 935 | B181: 45078 | C181: Small Finance Banks | D181: North East Small Finance Bank | E181: 13 | F181: 1 | G181: 0 | H181: 0 | I181: 0 | J181: 0 | K181: 0 | L181: 393695 | M181: 0 | N181: 0 | O181: 0 | P181: 0 | Q181: 0 | R181: 0 | S181: 0 | T181: 0 | U181: 4552 | V181: 6302.96 | W181: 0 | X181: 0 | Y181: 0 | Z181: 0 | AA181: 44169 | AB181: 179363.3 | AC181: 0 | AD181: 0 | AE181: 0 | AF181: 185666.26 | AG181: DC High
A182: 941 | B182: 45078 | C182: Small Finance Banks | D182: Shivalik Small Finance Bank | E182: 28 | F182: 1 | G182: 0 | H182: 279 | I182: 0 | J182: 0 | K182: 0 | L182: 86252 | M182: 0 | N182: 0 | O182: 0 | P182: 0 | Q182: 0 | R182: 0 | S182: 0 | T182: 0 | U182: 5703 | V182: 12619.77 | W182: 4851 | X182: 16866.86 | Y182: 0 | Z182: 0 | AA182: 35532 | AB182: 183472.4 | AC182: 0 | AD182: 0 | AE182: 0 | AF182: 212959.03 | AG182: DC High
A183: 945 | B183: 45078 | C183: Small Finance Banks | D183: Suryoday Small Finance Bank | E183: 0 | F183: 0 | G183: 0 | H183: 67 | I183: 0 | J183: 0 | K183: 0 | L183: 595878 | M183: 0 | N183: 0 | O183: 0 | P183: 0 | Q183: 0 | R183: 0 | S183: 0 | T183: 0 | U183: 27165 | V183: 30433.75 | W183: 2127 | X183: 5202.15 | Y183: 0 | Z183: 0 | AA183: 320981 | AB183: 520863.09 | AC183: 0 | AD183: 0 | AE183: 0 | AF183: 556498.99 | AG183: DC High
A184: 948 | B184: 45078 | C184: Small Finance Banks | D184: Ujjivan Small Finance Bank | E184: 520 | F184: 3 | G184: 0 | H184: 0 | I184: 0 | J184: 436928 | K184: 0 | L184: 9142682 | M184: 0 | N184: 0 | O184: 0 | P184: 0 | Q184: 0 | R184: 0 | S184: 0 | T184: 0 | U184: 261234 | V184: 448275.17 | W184: 100243 | X184: 244704.99 | Y184: 0 | Z184: 0 | AA184: 3452197 | AB184: 15220477 | AC184: 83 | AD184: 75.1 | AE184: 0 | AF184: 15913532 | AG184: DC High
A185: 950 | B185: 45078 | C185: Small Finance Banks | D185: Unity Small Finance Bank | E185: 231 | G185: 0 | H185: 0 | I185: 0 | J185: 0 | K185: 0 | L185: 0 | M185: 0 | N185: 0 | O185: 0 | P185: 0 | Q185: 0 | R185: 0 | S185: 0 | T185: 0 | U185: 0 | V185: 0 | W185: 0 | X185: 0 | Y185: 0 | Z185: 0 | AA185: 0 | AB185: 0 | AC185: 0 | AD185: 0 | AE185: 0 | AF185: 0 | AG185: DC High
A186: 951 | B186: 45078 | C186: Small Finance Banks | D186: Utkarsh Small Finance Bank | E186: 292 | F186: 7 | G186: 0 | H186: 557 | I186: 0 | J186: 20424 | K186: 0 | L186: 1688294 | M186: 0 | N186: 0 | O186: 0 | P186: 0 | Q186: 0 | R186: 0 | S186: 0 | T186: 0 | U186: 34175 | V186: 60956.34 | W186: 11057 | X186: 24266.27 | Y186: 19 | Z186: 102.97 | AA186: 311511 | AB186: 1292068.4 | AC186: 0 | AD186: 0 | AE186: 0 | AF186: 1377394 | AG186: DC High
A187: 954 | B187: 45108 | C187: Small Finance Banks | D187: AU Small Finance Bank | E187: 493 | F187: 2 | G187: 0 | H187: 380 | I187: 0 | J187: 1084906 | K187: 645027 | L187: 2677150 | M187: 848428 | N187: 4794047 | O187: 1007995 | P187: 8206736.4 | Q187: 1314 | R187: 677.36 | S187: 5033 | T187: 28555.9 | U187: 218398 | V187: 527000.7 | W187: 243562 | X187: 858958.69 | Y187: 232 | Z187: 3753.84 | AA187: 988224 | AB187: 6364623.8 | AC187: 593 | AD187: 566 | AE187: 13030017 | AF187: 7754903 | AG187: CC High
A188: 966 | B188: 45108 | C188: Small Finance Banks | D188: Capital Small Finance Bank | E188: 172 | F188: 2 | G188: 0 | H188: 0 | I188: 0 | J188: 0 | K188: 0 | L188: 269198 | M188: 0 | N188: 0 | O188: 0 | P188: 0 | Q188: 0 | R188: 0 | S188: 0 | T188: 0 | U188: 36293 | V188: 92100.5 | W188: 8579 | X188: 27403.9 | Y188: 0 | Z188: 0 | AA188: 127950 | AB188: 677134.22 | AC188: 0 | AD188: 0 | AE188: 0 | AF188: 796638.62 | AG188: DC High
A189: 974 | B189: 45108 | C189: Small Finance Banks | D189: ESAF Small Finance Bank | E189: 563 | F189: 2 | G189: 0 | H189: 2255 | I189: 0 | J189: 0 | K189: 0 | L189: 5070205 | M189: 0 | N189: 0 | O189: 0 | P189: 0 | Q189: 0 | R189: 0 | S189: 0 | T189: 0 | U189: 220478 | V189: 324693.66 | W189: 17033 | X189: 38726.43 | Y189: 0 | Z189: 0 | AA189: 907089 | AB189: 4144296.9 | AC189: 17 | AD189: 8.9 | AE189: 0 | AF189: 4507725.9 | AG189: DC High
A190: 975 | B190: 45108 | C190: Small Finance Banks | D190: Equitas Small Finance Bank | E190: 349 | F190: 3 | G190: 25092 | H190: 303 | I190: 54172 | J190: 0 | K190: 0 | L190: 3362040 | M190: 0 | N190: 0 | O190: 0 | P190: 0 | Q190: 0 | R190: 0 | S190: 0 | T190: 0 | U190: 188573 | V190: 355538.54 | W190: 52473 | X190: 239541.98 | Y190: 0 | Z190: 0 | AA190: 3220496 | AB190: 8200364.6 | AC190: 0 | AD190: 0 | AE190: 0 | AF190: 8795445.1 | AG190: DC High
A191: 977 | B191: 45108 | C191: Small Finance Banks | D191: Fincare Small Finance Bank | E191: 147 | G191: 0 | H191: 254 | I191: 0 | J191: 18971 | K191: 0 | L191: 4885913 | M191: 0 | N191: 0 | O191: 0 | P191: 0 | Q191: 0 | R191: 0 | S191: 0 | T191: 0 | U191: 51835 | V191: 68553.17 | W191: 7823 | X191: 20789.44 | Y191: 0 | Z191: 0 | AA191: 1041184 | AB191: 5262434.9 | AC191: 0 | AD191: 0 | AE191: 0 | AF191: 5351777.5 | AG191: DC High
A192: 989 | B192: 45108 | C192: Small Finance Banks | D192: Jana Small Finance Bank | E192: 59 | F192: 2 | G192: 0 | H192: 164 | I192: 0 | J192: 494916 | K192: 0 | L192: 2905705 | M192: 0 | N192: 0 | O192: 0 | P192: 0 | Q192: 0 | R192: 0 | S192: 0 | T192: 0 | U192: 54645 | V192: 102915.19 | W192: 8970 | X192: 24212.36 | Y192: 0 | Z192: 0 | AA192: 380762 | AB192: 1947769.7 | AC192: 0 | AD192: 0 | AE192: 0 | AF192: 2074897.2 | AG192: DC High
A193: 996 | B193: 45108 | C193: Small Finance Banks | D193: North East Small Finance Bank | E193: 13 | F193: 1 | G193: 0 | H193: 0 | I193: 0 | J193: 0 | K193: 0 | L193: 393696 | M193: 0 | N193: 0 | O193: 0 | P193: 0 | Q193: 0 | R193: 0 | S193: 0 | T193: 0 | U193: 7179 | V193: 9097.06 | W193: 0 | X193: 0 | Y193: 0 | Z193: 0 | AA193: 46222 | AB193: 182077.2 | AC193: 0 | AD193: 0 | AE193: 0 | AF193: 191174.26 | AG193: DC High
A194: 1002 | B194: 45108 | C194: Small Finance Banks | D194: Shivalik Small Finance Bank | E194: 28 | F194: 1 | G194: 0 | H194: 0 | I194: 0 | J194: 0 | K194: 0 | L194: 82099 | M194: 0 | N194: 0 | O194: 0 | P194: 0 | Q194: 0 | R194: 0 | S194: 0 | T194: 0 | U194: 5561 | V194: 11267.7 | W194: 4520 | X194: 17457.47 | Y194: 0 | Z194: 0 | AA194: 35175 | AB194: 181426.5 | AC194: 0 | AD194: 0 | AE194: 0 | AF194: 210151.67 | AG194: DC High
A195: 1006 | B195: 45108 | C195: Small Finance Banks | D195: Suryoday Small Finance Bank | E195: 0 | F195: 0 | G195: 0 | H195: 67 | I195: 0 | J195: 0 | K195: 0 | L195: 657328 | M195: 0 | N195: 0 | O195: 0 | P195: 0 | Q195: 0 | R195: 0 | S195: 0 | T195: 0 | U195: 32219 | V195: 35447.49 | W195: 965 | X195: 2455.18 | Y195: 0 | Z195: 0 | AA195: 241412 | AB195: 695391.07 | AC195: 0 | AD195: 0 | AE195: 0 | AF195: 733293.74 | AG195: DC High
A196: 1009 | B196: 45108 | C196: Small Finance Banks | D196: Ujjivan Small Finance Bank | E196: 524 | F196: 3 | G196: 0 | H196: 0 | I196: 0 | J196: 452466 | K196: 0 | L196: 9253667 | M196: 0 | N196: 0 | O196: 0 | P196: 0 | Q196: 0 | R196: 0 | S196: 0 | T196: 0 | U196: 260159 | V196: 403122.57 | W196: 102896 | X196: 259519.03 | Y196: 0 | Z196: 0 | AA196: 3483506 | AB196: 14962326 | AC196: 65 | AD196: 57.6 | AE196: 0 | AF196: 15625025 | AG196: DC High
...
